donation_id,user_id,item_id,quantity,donation_date,status,message,created_at,updated_at
DON000001,user_000226,item_00096,25,2025-07-23,confirmed,재난 극복을 위해 함께하겠습니다.,2025-07-23,2025-07-28
DON000002,user_000741,item_00128,3,2025-05-09,pending,재난 극복을 위해 함께하겠습니다.,2025-05-09,2025-05-16
DON000003,user_000079,item_00146,46,2025-05-29,pending,피해자분들께 힘이 되길 바랍니다.,2025-05-29,2025-06-01
DON000004,user_000185,item_00036,69,2025-07-11,confirmed,재난 피해자들에게 도움이 되길 바랍니다.,2025-07-11,2025-07-12
DON000005,user_000120,item_00086,6,2025-08-06,delivered,피해자분들께 힘이 되길 바랍니다.,2025-08-06,2025-08-09
DON000006,user_000611,item_00113,23,2025-08-02,cancelled,재난 피해자들에게 도움이 되길 바랍니다.,2025-08-02,2025-08-04
DON000007,user_000976,item_00079,46,2025-06-13,pending,재난 피해자들에게 도움이 되길 바랍니다.,2025-06-13,2025-06-13
DON000008,user_000622,item_00088,86,2025-05-18,confirmed,재난 피해자들에게 도움이 되길 바랍니다.,2025-05-18,2025-05-25
DON000009,user_000739,item_00139,12,2025-08-01,confirmed,피해자분들께 힘이 되길 바랍니다.,2025-08-01,2025-08-07
DON000010,user_000003,item_00198,66,2025-07-04,pending,조금이나마 도움이 되었으면 좋겠습니다.,2025-07-04,2025-07-05
DON000011,user_000157,item_00118,58,2025-07-29,delivered,빠른 복구를 위해 기부합니다.,2025-07-29,2025-08-03
DON000012,user_000938,item_00019,74,2025-06-28,cancelled,피해자분들께 힘이 되길 바랍니다.,2025-06-28,2025-06-30
DON000013,user_000808,item_00147,60,2025-03-27,delivered,빠른 복구를 위해 기부합니다.,2025-03-27,2025-04-03
DON000014,user_000914,item_00045,44,2025-04-23,confirmed,빠른 복구를 위해 기부합니다.,2025-04-23,2025-04-24
DON000015,user_000717,item_00172,81,2025-07-17,pending,재난 피해자들에게 도움이 되길 바랍니다.,2025-07-17,2025-07-21
DON000016,user_000105,item_00165,72,2025-04-08,pending,재난 극복을 위해 함께하겠습니다.,2025-04-08,2025-04-11
DON000017,user_000346,item_00073,83,2025-06-08,confirmed,빠른 복구를 위해 기부합니다.,2025-06-08,2025-06-14
DON000018,user_000469,item_00140,51,2025-08-05,pending,조금이나마 도움이 되었으면 좋겠습니다.,2025-08-05,2025-08-10
DON000019,user_000030,item_00018,77,2025-06-18,cancelled,재난 피해자들에게 도움이 되길 바랍니다.,2025-06-18,2025-06-20
DON000020,user_000302,item_00135,44,2025-07-11,cancelled,재난 극복을 위해 함께하겠습니다.,2025-07-11,2025-07-14
DON000021,user_000443,item_00109,31,2025-08-12,cancelled,재난 극복을 위해 함께하겠습니다.,2025-08-12,2025-08-15
DON000022,user_000769,item_00078,90,2025-09-04,cancelled,재난 피해자들에게 도움이 되길 바랍니다.,2025-09-04,2025-09-04
DON000023,user_000382,item_00026,92,2025-06-24,delivered,조금이나마 도움이 되었으면 좋겠습니다.,2025-06-24,2025-06-28
DON000024,user_000635,item_00169,56,2025-07-22,cancelled,빠른 복구를 위해 기부합니다.,2025-07-22,2025-07-28
DON000025,user_000245,item_00069,67,2025-06-13,confirmed,재난 피해자들에게 도움이 되길 바랍니다.,2025-06-13,2025-06-14
DON000026,user_000202,item_00164,38,2025-07-14,confirmed,빠른 복구를 위해 기부합니다.,2025-07-14,2025-07-15
DON000027,user_000259,item_00066,61,2025-05-02,cancelled,재난 피해자들에게 도움이 되길 바랍니다.,2025-05-02,2025-05-05
DON000028,user_000561,item_00161,80,2025-08-12,cancelled,재난 피해자들에게 도움이 되길 바랍니다.,2025-08-12,2025-08-14
DON000029,user_000733,item_00095,99,2025-07-20,confirmed,조금이나마 도움이 되었으면 좋겠습니다.,2025-07-20,2025-07-22
DON000030,user_000701,item_00162,66,2025-03-22,cancelled,피해자분들께 힘이 되길 바랍니다.,2025-03-22,2025-03-23
DON000031,user_000071,item_00148,55,2025-08-30,cancelled,재난 극복을 위해 함께하겠습니다.,2025-08-30,2025-09-03
DON000032,user_000468,item_00144,54,2025-05-12,confirmed,재난 극복을 위해 함께하겠습니다.,2025-05-12,2025-05-12
DON000033,user_000417,item_00089,61,2025-08-25,pending,조금이나마 도움이 되었으면 좋겠습니다.,2025-08-25,2025-08-25
DON000034,user_000971,item_00020,88,2025-05-21,cancelled,재난 극복을 위해 함께하겠습니다.,2025-05-21,2025-05-24
DON000035,user_000621,item_00117,5,2025-03-22,cancelled,조금이나마 도움이 되었으면 좋겠습니다.,2025-03-22,2025-03-25
DON000036,user_000219,item_00174,100,2025-08-05,cancelled,빠른 복구를 위해 기부합니다.,2025-08-05,2025-08-08
DON000037,user_000763,item_00062,25,2025-05-07,confirmed,빠른 복구를 위해 기부합니다.,2025-05-07,2025-05-09
DON000038,user_000570,item_00081,38,2025-04-17,delivered,빠른 복구를 위해 기부합니다.,2025-04-17,2025-04-21
DON000039,user_000638,item_00061,98,2025-08-21,cancelled,조금이나마 도움이 되었으면 좋겠습니다.,2025-08-21,2025-08-21
DON000040,user_000176,item_00169,44,2025-07-30,delivered,빠른 복구를 위해 기부합니다.,2025-07-30,2025-08-01
DON000041,user_000474,item_00052,28,2025-07-04,confirmed,빠른 복구를 위해 기부합니다.,2025-07-04,2025-07-06
DON000042,user_000348,item_00047,29,2025-08-04,pending,피해자분들께 힘이 되길 바랍니다.,2025-08-04,2025-08-09
DON000043,user_000938,item_00096,47,2025-08-10,delivered,재난 피해자들에게 도움이 되길 바랍니다.,2025-08-10,2025-08-13
DON000044,user_000354,item_00184,81,2025-08-04,delivered,피해자분들께 힘이 되길 바랍니다.,2025-08-04,2025-08-08
DON000045,user_000654,item_00131,34,2025-08-08,pending,조금이나마 도움이 되었으면 좋겠습니다.,2025-08-08,2025-08-10
DON000046,user_000799,item_00115,47,2025-04-06,confirmed,재난 극복을 위해 함께하겠습니다.,2025-04-06,2025-04-09
DON000047,user_000833,item_00103,60,2025-08-18,delivered,피해자분들께 힘이 되길 바랍니다.,2025-08-18,2025-08-19
DON000048,user_000048,item_00104,67,2025-08-29,confirmed,피해자분들께 힘이 되길 바랍니다.,2025-08-29,2025-09-01
DON000049,user_000575,item_00065,54,2025-05-11,confirmed,피해자분들께 힘이 되길 바랍니다.,2025-05-11,2025-05-15
DON000050,user_000171,item_00014,94,2025-03-09,pending,재난 피해자들에게 도움이 되길 바랍니다.,2025-03-09,2025-03-13
DON000051,user_000700,item_00108,62,2025-09-07,confirmed,피해자분들께 힘이 되길 바랍니다.,2025-09-07,2025-09-10
DON000052,user_000799,item_00089,53,2025-04-20,pending,재난 피해자들에게 도움이 되길 바랍니다.,2025-04-20,2025-04-20
DON000053,user_000439,item_00090,88,2025-05-01,delivered,재난 극복을 위해 함께하겠습니다.,2025-05-01,2025-05-04
DON000054,user_000587,item_00138,71,2025-08-15,pending,재난 극복을 위해 함께하겠습니다.,2025-08-15,2025-08-15
DON000055,user_000069,item_00183,11,2025-03-27,cancelled,재난 극복을 위해 함께하겠습니다.,2025-03-27,2025-03-27
DON000056,user_000298,item_00084,22,2025-08-25,cancelled,빠른 복구를 위해 기부합니다.,2025-08-25,2025-08-29
DON000057,user_000673,item_00141,93,2025-04-11,cancelled,재난 피해자들에게 도움이 되길 바랍니다.,2025-04-11,2025-04-18
DON000058,user_000616,item_00161,92,2025-05-24,cancelled,재난 극복을 위해 함께하겠습니다.,2025-05-24,2025-05-26
DON000059,user_000679,item_00154,72,2025-08-17,confirmed,조금이나마 도움이 되었으면 좋겠습니다.,2025-08-17,2025-08-20
DON000060,user_000711,item_00157,14,2025-03-30,confirmed,피해자분들께 힘이 되길 바랍니다.,2025-03-30,2025-03-31
DON000061,user_000247,item_00055,90,2025-05-05,delivered,재난 극복을 위해 함께하겠습니다.,2025-05-05,2025-05-05
DON000062,user_000651,item_00014,33,2025-03-15,confirmed,빠른 복구를 위해 기부합니다.,2025-03-15,2025-03-18
DON000063,user_000221,item_00185,84,2025-07-09,confirmed,빠른 복구를 위해 기부합니다.,2025-07-09,2025-07-13
DON000064,user_000456,item_00021,70,2025-03-23,confirmed,재난 극복을 위해 함께하겠습니다.,2025-03-23,2025-03-27
DON000065,user_000203,item_00077,95,2025-06-17,delivered,재난 극복을 위해 함께하겠습니다.,2025-06-17,2025-06-23
DON000066,user_000956,item_00011,12,2025-07-04,confirmed,재난 피해자들에게 도움이 되길 바랍니다.,2025-07-04,2025-07-07
DON000067,user_000126,item_00013,43,2025-08-12,delivered,빠른 복구를 위해 기부합니다.,2025-08-12,2025-08-16
DON000068,user_000944,item_00088,46,2025-05-23,pending,재난 피해자들에게 도움이 되길 바랍니다.,2025-05-23,2025-05-27
DON000069,user_000305,item_00183,46,2025-04-26,delivered,빠른 복구를 위해 기부합니다.,2025-04-26,2025-04-29
DON000070,user_000990,item_00184,8,2025-05-17,cancelled,피해자분들께 힘이 되길 바랍니다.,2025-05-17,2025-05-23
DON000071,user_000018,item_00198,61,2025-04-06,cancelled,빠른 복구를 위해 기부합니다.,2025-04-06,2025-04-07
DON000072,user_000900,item_00189,97,2025-05-14,cancelled,조금이나마 도움이 되었으면 좋겠습니다.,2025-05-14,2025-05-19
DON000073,user_000083,item_00117,91,2025-07-27,confirmed,피해자분들께 힘이 되길 바랍니다.,2025-07-27,2025-08-03
DON000074,user_000403,item_00041,44,2025-06-10,delivered,재난 피해자들에게 도움이 되길 바랍니다.,2025-06-10,2025-06-14
DON000075,user_000996,item_00102,8,2025-07-19,confirmed,빠른 복구를 위해 기부합니다.,2025-07-19,2025-07-19
DON000076,user_000768,item_00107,12,2025-06-25,confirmed,재난 피해자들에게 도움이 되길 바랍니다.,2025-06-25,2025-06-27
DON000077,user_000667,item_00077,54,2025-03-19,confirmed,재난 극복을 위해 함께하겠습니다.,2025-03-19,2025-03-21
DON000078,user_000130,item_00184,27,2025-04-06,delivered,피해자분들께 힘이 되길 바랍니다.,2025-04-06,2025-04-11
DON000079,user_000707,item_00137,59,2025-05-15,delivered,빠른 복구를 위해 기부합니다.,2025-05-15,2025-05-22
DON000080,user_000640,item_00170,26,2025-07-29,confirmed,재난 피해자들에게 도움이 되길 바랍니다.,2025-07-29,2025-07-31
DON000081,user_000579,item_00098,13,2025-08-07,confirmed,재난 피해자들에게 도움이 되길 바랍니다.,2025-08-07,2025-08-13
DON000082,user_000280,item_00120,47,2025-07-17,confirmed,빠른 복구를 위해 기부합니다.,2025-07-17,2025-07-23
DON000083,user_000387,item_00086,4,2025-07-13,confirmed,재난 피해자들에게 도움이 되길 바랍니다.,2025-07-13,2025-07-15
DON000084,user_000538,item_00074,20,2025-03-18,confirmed,재난 피해자들에게 도움이 되길 바랍니다.,2025-03-18,2025-03-21
DON000085,user_000330,item_00117,21,2025-06-14,confirmed,재난 극복을 위해 함께하겠습니다.,2025-06-14,2025-06-17
DON000086,user_000419,item_00141,11,2025-07-16,cancelled,조금이나마 도움이 되었으면 좋겠습니다.,2025-07-16,2025-07-20
DON000087,user_000306,item_00165,51,2025-08-16,pending,피해자분들께 힘이 되길 바랍니다.,2025-08-16,2025-08-20
DON000088,user_000410,item_00053,38,2025-04-09,delivered,빠른 복구를 위해 기부합니다.,2025-04-09,2025-04-16
DON000089,user_000636,item_00165,27,2025-08-26,delivered,재난 극복을 위해 함께하겠습니다.,2025-08-26,2025-08-28
DON000090,user_000856,item_00078,74,2025-04-14,cancelled,피해자분들께 힘이 되길 바랍니다.,2025-04-14,2025-04-15
DON000091,user_000022,item_00044,92,2025-08-05,delivered,재난 피해자들에게 도움이 되길 바랍니다.,2025-08-05,2025-08-09
DON000092,user_000939,item_00007,24,2025-07-24,pending,빠른 복구를 위해 기부합니다.,2025-07-24,2025-07-24
DON000093,user_000672,item_00163,95,2025-03-26,cancelled,재난 극복을 위해 함께하겠습니다.,2025-03-26,2025-03-31
DON000094,user_000527,item_00130,55,2025-06-05,delivered,피해자분들께 힘이 되길 바랍니다.,2025-06-05,2025-06-05
DON000095,user_000073,item_00056,63,2025-08-12,confirmed,재난 극복을 위해 함께하겠습니다.,2025-08-12,2025-08-15
DON000096,user_000144,item_00167,69,2025-06-25,delivered,빠른 복구를 위해 기부합니다.,2025-06-25,2025-06-27
DON000097,user_000071,item_00176,54,2025-03-27,cancelled,피해자분들께 힘이 되길 바랍니다.,2025-03-27,2025-03-29
DON000098,user_000156,item_00025,81,2025-08-13,pending,조금이나마 도움이 되었으면 좋겠습니다.,2025-08-13,2025-08-17
DON000099,user_000053,item_00116,32,2025-07-22,confirmed,재난 극복을 위해 함께하겠습니다.,2025-07-22,2025-07-23
DON000100,user_000193,item_00186,76,2025-04-21,delivered,조금이나마 도움이 되었으면 좋겠습니다.,2025-04-21,2025-04-21
DON000101,user_000746,item_00043,58,2025-05-07,delivered,빠른 복구를 위해 기부합니다.,2025-05-07,2025-05-10
DON000102,user_000376,item_00188,89,2025-08-08,pending,빠른 복구를 위해 기부합니다.,2025-08-08,2025-08-08
DON000103,user_000634,item_00160,95,2025-06-07,pending,빠른 복구를 위해 기부합니다.,2025-06-07,2025-06-07
DON000104,user_000940,item_00029,78,2025-07-14,confirmed,빠른 복구를 위해 기부합니다.,2025-07-14,2025-07-15
DON000105,user_000897,item_00089,41,2025-05-29,pending,재난 극복을 위해 함께하겠습니다.,2025-05-29,2025-05-30
DON000106,user_000234,item_00140,56,2025-06-04,delivered,조금이나마 도움이 되었으면 좋겠습니다.,2025-06-04,2025-06-06
DON000107,user_000980,item_00137,57,2025-08-19,delivered,빠른 복구를 위해 기부합니다.,2025-08-19,2025-08-19
DON000108,user_000809,item_00091,10,2025-05-08,cancelled,조금이나마 도움이 되었으면 좋겠습니다.,2025-05-08,2025-05-11
DON000109,user_000288,item_00159,2,2025-03-09,delivered,피해자분들께 힘이 되길 바랍니다.,2025-03-09,2025-03-11
DON000110,user_000051,item_00041,45,2025-04-30,confirmed,피해자분들께 힘이 되길 바랍니다.,2025-04-30,2025-05-07
DON000111,user_000540,item_00088,90,2025-05-11,pending,재난 극복을 위해 함께하겠습니다.,2025-05-11,2025-05-17
DON000112,user_000476,item_00142,26,2025-03-18,delivered,조금이나마 도움이 되었으면 좋겠습니다.,2025-03-18,2025-03-25
DON000113,user_000972,item_00017,13,2025-05-03,cancelled,피해자분들께 힘이 되길 바랍니다.,2025-05-03,2025-05-08
DON000114,user_000578,item_00087,65,2025-04-04,delivered,조금이나마 도움이 되었으면 좋겠습니다.,2025-04-04,2025-04-09
DON000115,user_000835,item_00014,1,2025-05-30,confirmed,조금이나마 도움이 되었으면 좋겠습니다.,2025-05-30,2025-05-30
DON000116,user_000996,item_00174,8,2025-03-17,pending,재난 피해자들에게 도움이 되길 바랍니다.,2025-03-17,2025-03-17
DON000117,user_000185,item_00149,93,2025-08-17,delivered,재난 극복을 위해 함께하겠습니다.,2025-08-17,2025-08-18
DON000118,user_000667,item_00132,2,2025-06-26,cancelled,재난 피해자들에게 도움이 되길 바랍니다.,2025-06-26,2025-06-27
DON000119,user_000248,item_00045,64,2025-08-11,confirmed,피해자분들께 힘이 되길 바랍니다.,2025-08-11,2025-08-12
DON000120,user_000700,item_00096,73,2025-06-29,cancelled,빠른 복구를 위해 기부합니다.,2025-06-29,2025-07-01
DON000121,user_000713,item_00172,10,2025-06-18,delivered,피해자분들께 힘이 되길 바랍니다.,2025-06-18,2025-06-21
DON000122,user_000166,item_00174,44,2025-03-19,pending,재난 극복을 위해 함께하겠습니다.,2025-03-19,2025-03-19
DON000123,user_000513,item_00086,77,2025-08-23,cancelled,빠른 복구를 위해 기부합니다.,2025-08-23,2025-08-30
DON000124,user_000110,item_00035,34,2025-04-05,pending,재난 극복을 위해 함께하겠습니다.,2025-04-05,2025-04-05
DON000125,user_000037,item_00193,4,2025-08-15,delivered,재난 극복을 위해 함께하겠습니다.,2025-08-15,2025-08-19
DON000126,user_000346,item_00105,96,2025-04-17,confirmed,빠른 복구를 위해 기부합니다.,2025-04-17,2025-04-23
DON000127,user_000230,item_00047,80,2025-05-16,confirmed,피해자분들께 힘이 되길 바랍니다.,2025-05-16,2025-05-18
DON000128,user_000523,item_00163,9,2025-08-09,cancelled,재난 피해자들에게 도움이 되길 바랍니다.,2025-08-09,2025-08-16
DON000129,user_000240,item_00167,54,2025-03-10,delivered,피해자분들께 힘이 되길 바랍니다.,2025-03-10,2025-03-16
DON000130,user_000206,item_00106,81,2025-05-20,pending,재난 피해자들에게 도움이 되길 바랍니다.,2025-05-20,2025-05-20
DON000131,user_000758,item_00087,52,2025-06-05,pending,피해자분들께 힘이 되길 바랍니다.,2025-06-05,2025-06-06
DON000132,user_000274,item_00151,82,2025-05-20,pending,피해자분들께 힘이 되길 바랍니다.,2025-05-20,2025-05-27
DON000133,user_000347,item_00106,59,2025-07-26,delivered,피해자분들께 힘이 되길 바랍니다.,2025-07-26,2025-07-30
DON000134,user_000760,item_00187,91,2025-06-27,pending,빠른 복구를 위해 기부합니다.,2025-06-27,2025-07-04
DON000135,user_000156,item_00166,31,2025-04-02,cancelled,재난 피해자들에게 도움이 되길 바랍니다.,2025-04-02,2025-04-02
DON000136,user_000277,item_00033,60,2025-03-20,cancelled,재난 피해자들에게 도움이 되길 바랍니다.,2025-03-20,2025-03-23
DON000137,user_000660,item_00113,14,2025-05-07,delivered,재난 극복을 위해 함께하겠습니다.,2025-05-07,2025-05-13
DON000138,user_000197,item_00067,43,2025-06-24,delivered,재난 피해자들에게 도움이 되길 바랍니다.,2025-06-24,2025-06-27
DON000139,user_000846,item_00057,49,2025-06-29,delivered,조금이나마 도움이 되었으면 좋겠습니다.,2025-06-29,2025-06-30
DON000140,user_000873,item_00061,78,2025-06-27,confirmed,재난 극복을 위해 함께하겠습니다.,2025-06-27,2025-06-27
DON000141,user_000360,item_00013,66,2025-08-10,confirmed,재난 극복을 위해 함께하겠습니다.,2025-08-10,2025-08-14
DON000142,user_000644,item_00200,32,2025-08-06,confirmed,조금이나마 도움이 되었으면 좋겠습니다.,2025-08-06,2025-08-06
DON000143,user_000518,item_00010,6,2025-04-27,delivered,재난 피해자들에게 도움이 되길 바랍니다.,2025-04-27,2025-05-02
DON000144,user_000645,item_00102,63,2025-07-18,cancelled,재난 극복을 위해 함께하겠습니다.,2025-07-18,2025-07-18
DON000145,user_000704,item_00181,55,2025-04-03,confirmed,재난 피해자들에게 도움이 되길 바랍니다.,2025-04-03,2025-04-09
DON000146,user_000696,item_00164,39,2025-03-23,confirmed,빠른 복구를 위해 기부합니다.,2025-03-23,2025-03-28
DON000147,user_000139,item_00043,77,2025-08-19,pending,피해자분들께 힘이 되길 바랍니다.,2025-08-19,2025-08-24
DON000148,user_000205,item_00124,51,2025-05-30,cancelled,재난 피해자들에게 도움이 되길 바랍니다.,2025-05-30,2025-06-05
DON000149,user_000673,item_00149,15,2025-06-04,pending,재난 극복을 위해 함께하겠습니다.,2025-06-04,2025-06-08
DON000150,user_000129,item_00157,68,2025-06-30,cancelled,재난 극복을 위해 함께하겠습니다.,2025-06-30,2025-07-01
DON000151,user_000968,item_00102,42,2025-03-23,pending,빠른 복구를 위해 기부합니다.,2025-03-23,2025-03-23
DON000152,user_000649,item_00182,54,2025-07-30,cancelled,빠른 복구를 위해 기부합니다.,2025-07-30,2025-08-01
DON000153,user_000657,item_00014,90,2025-04-30,cancelled,빠른 복구를 위해 기부합니다.,2025-04-30,2025-05-05
DON000154,user_000177,item_00186,43,2025-04-14,delivered,재난 극복을 위해 함께하겠습니다.,2025-04-14,2025-04-21
DON000155,user_000547,item_00175,74,2025-06-13,delivered,조금이나마 도움이 되었으면 좋겠습니다.,2025-06-13,2025-06-15
DON000156,user_000902,item_00167,62,2025-08-01,pending,조금이나마 도움이 되었으면 좋겠습니다.,2025-08-01,2025-08-08
DON000157,user_000876,item_00125,69,2025-08-29,delivered,조금이나마 도움이 되었으면 좋겠습니다.,2025-08-29,2025-09-03
DON000158,user_000384,item_00057,26,2025-04-13,cancelled,빠른 복구를 위해 기부합니다.,2025-04-13,2025-04-16
DON000159,user_000133,item_00117,54,2025-05-27,cancelled,재난 피해자들에게 도움이 되길 바랍니다.,2025-05-27,2025-05-29
DON000160,user_000031,item_00106,50,2025-05-31,pending,빠른 복구를 위해 기부합니다.,2025-05-31,2025-05-31
DON000161,user_000335,item_00172,72,2025-08-06,delivered,재난 극복을 위해 함께하겠습니다.,2025-08-06,2025-08-13
DON000162,user_000799,item_00118,33,2025-07-06,confirmed,재난 피해자들에게 도움이 되길 바랍니다.,2025-07-06,2025-07-11
DON000163,user_000876,item_00196,86,2025-08-16,cancelled,재난 피해자들에게 도움이 되길 바랍니다.,2025-08-16,2025-08-19
DON000164,user_000302,item_00017,39,2025-04-16,confirmed,피해자분들께 힘이 되길 바랍니다.,2025-04-16,2025-04-22
DON000165,user_000740,item_00183,91,2025-04-15,confirmed,빠른 복구를 위해 기부합니다.,2025-04-15,2025-04-17
DON000166,user_000584,item_00110,50,2025-08-05,cancelled,조금이나마 도움이 되었으면 좋겠습니다.,2025-08-05,2025-08-11
DON000167,user_000039,item_00047,24,2025-04-04,confirmed,재난 피해자들에게 도움이 되길 바랍니다.,2025-04-04,2025-04-04
DON000168,user_000716,item_00157,42,2025-09-02,confirmed,재난 극복을 위해 함께하겠습니다.,2025-09-02,2025-09-09
DON000169,user_000738,item_00186,46,2025-06-11,delivered,조금이나마 도움이 되었으면 좋겠습니다.,2025-06-11,2025-06-12
DON000170,user_000225,item_00059,33,2025-07-05,cancelled,빠른 복구를 위해 기부합니다.,2025-07-05,2025-07-07
DON000171,user_000651,item_00151,4,2025-06-12,delivered,재난 피해자들에게 도움이 되길 바랍니다.,2025-06-12,2025-06-14
DON000172,user_000842,item_00194,41,2025-06-10,confirmed,재난 극복을 위해 함께하겠습니다.,2025-06-10,2025-06-17
DON000173,user_000917,item_00191,66,2025-04-23,confirmed,재난 극복을 위해 함께하겠습니다.,2025-04-23,2025-04-29
DON000174,user_000397,item_00194,22,2025-07-26,delivered,재난 극복을 위해 함께하겠습니다.,2025-07-26,2025-07-26
DON000175,user_000977,item_00174,27,2025-07-22,confirmed,조금이나마 도움이 되었으면 좋겠습니다.,2025-07-22,2025-07-22
DON000176,user_000171,item_00027,71,2025-08-31,pending,빠른 복구를 위해 기부합니다.,2025-08-31,2025-09-05
DON000177,user_000798,item_00121,15,2025-03-11,confirmed,재난 극복을 위해 함께하겠습니다.,2025-03-11,2025-03-16
DON000178,user_000694,item_00002,60,2025-05-24,cancelled,피해자분들께 힘이 되길 바랍니다.,2025-05-24,2025-05-29
DON000179,user_000962,item_00069,86,2025-04-09,pending,피해자분들께 힘이 되길 바랍니다.,2025-04-09,2025-04-09
DON000180,user_000846,item_00191,69,2025-05-25,confirmed,조금이나마 도움이 되었으면 좋겠습니다.,2025-05-25,2025-06-01
DON000181,user_000298,item_00126,39,2025-04-09,confirmed,재난 피해자들에게 도움이 되길 바랍니다.,2025-04-09,2025-04-16
DON000182,user_000314,item_00030,33,2025-07-10,cancelled,재난 극복을 위해 함께하겠습니다.,2025-07-10,2025-07-11
DON000183,user_000890,item_00014,78,2025-04-12,cancelled,피해자분들께 힘이 되길 바랍니다.,2025-04-12,2025-04-12
DON000184,user_000467,item_00159,81,2025-04-28,confirmed,재난 피해자들에게 도움이 되길 바랍니다.,2025-04-28,2025-05-05
DON000185,user_000093,item_00143,37,2025-08-15,pending,조금이나마 도움이 되었으면 좋겠습니다.,2025-08-15,2025-08-21
DON000186,user_000821,item_00009,2,2025-07-29,cancelled,재난 극복을 위해 함께하겠습니다.,2025-07-29,2025-08-05
DON000187,user_000277,item_00101,90,2025-08-11,delivered,빠른 복구를 위해 기부합니다.,2025-08-11,2025-08-15
DON000188,user_000209,item_00163,61,2025-08-19,confirmed,재난 극복을 위해 함께하겠습니다.,2025-08-19,2025-08-24
DON000189,user_000577,item_00088,85,2025-07-14,cancelled,조금이나마 도움이 되었으면 좋겠습니다.,2025-07-14,2025-07-21
DON000190,user_000572,item_00154,88,2025-08-16,cancelled,재난 피해자들에게 도움이 되길 바랍니다.,2025-08-16,2025-08-19
DON000191,user_000942,item_00088,61,2025-05-08,pending,빠른 복구를 위해 기부합니다.,2025-05-08,2025-05-15
DON000192,user_000232,item_00143,31,2025-05-06,delivered,재난 극복을 위해 함께하겠습니다.,2025-05-06,2025-05-06
DON000193,user_000030,item_00064,15,2025-03-23,delivered,조금이나마 도움이 되었으면 좋겠습니다.,2025-03-23,2025-03-26
DON000194,user_000732,item_00185,2,2025-06-02,delivered,재난 피해자들에게 도움이 되길 바랍니다.,2025-06-02,2025-06-02
DON000195,user_000724,item_00075,12,2025-06-19,pending,피해자분들께 힘이 되길 바랍니다.,2025-06-19,2025-06-22
DON000196,user_000218,item_00027,89,2025-06-17,cancelled,재난 극복을 위해 함께하겠습니다.,2025-06-17,2025-06-24
DON000197,user_000703,item_00091,3,2025-08-17,cancelled,재난 피해자들에게 도움이 되길 바랍니다.,2025-08-17,2025-08-18
DON000198,user_000870,item_00131,36,2025-08-26,cancelled,재난 극복을 위해 함께하겠습니다.,2025-08-26,2025-08-26
DON000199,user_000563,item_00178,60,2025-04-03,confirmed,재난 피해자들에게 도움이 되길 바랍니다.,2025-04-03,2025-04-07
DON000200,user_000489,item_00121,33,2025-06-12,delivered,재난 피해자들에게 도움이 되길 바랍니다.,2025-06-12,2025-06-17
DON000201,user_000606,item_00002,25,2025-08-04,pending,재난 극복을 위해 함께하겠습니다.,2025-08-04,2025-08-09
DON000202,user_000157,item_00153,77,2025-06-07,confirmed,재난 극복을 위해 함께하겠습니다.,2025-06-07,2025-06-11
DON000203,user_000731,item_00089,51,2025-07-21,delivered,재난 극복을 위해 함께하겠습니다.,2025-07-21,2025-07-24
DON000204,user_000334,item_00130,14,2025-04-26,pending,재난 피해자들에게 도움이 되길 바랍니다.,2025-04-26,2025-05-03
DON000205,user_000973,item_00157,67,2025-08-18,delivered,피해자분들께 힘이 되길 바랍니다.,2025-08-18,2025-08-22
DON000206,user_000667,item_00147,92,2025-04-20,confirmed,피해자분들께 힘이 되길 바랍니다.,2025-04-20,2025-04-27
DON000207,user_000973,item_00157,14,2025-08-26,confirmed,빠른 복구를 위해 기부합니다.,2025-08-26,2025-08-26
DON000208,user_000018,item_00108,87,2025-07-10,pending,조금이나마 도움이 되었으면 좋겠습니다.,2025-07-10,2025-07-10
DON000209,user_000634,item_00086,69,2025-05-01,delivered,빠른 복구를 위해 기부합니다.,2025-05-01,2025-05-06
DON000210,user_000888,item_00187,76,2025-06-01,pending,피해자분들께 힘이 되길 바랍니다.,2025-06-01,2025-06-05
DON000211,user_000293,item_00059,27,2025-08-02,pending,빠른 복구를 위해 기부합니다.,2025-08-02,2025-08-03
DON000212,user_000051,item_00137,50,2025-07-04,pending,재난 피해자들에게 도움이 되길 바랍니다.,2025-07-04,2025-07-05
DON000213,user_000713,item_00094,29,2025-04-19,delivered,조금이나마 도움이 되었으면 좋겠습니다.,2025-04-19,2025-04-22
DON000214,user_000489,item_00172,68,2025-04-09,pending,조금이나마 도움이 되었으면 좋겠습니다.,2025-04-09,2025-04-16
DON000215,user_000480,item_00154,13,2025-05-25,cancelled,조금이나마 도움이 되었으면 좋겠습니다.,2025-05-25,2025-05-27
DON000216,user_000521,item_00146,48,2025-06-08,delivered,재난 피해자들에게 도움이 되길 바랍니다.,2025-06-08,2025-06-10
DON000217,user_000640,item_00008,17,2025-03-17,confirmed,빠른 복구를 위해 기부합니다.,2025-03-17,2025-03-21
DON000218,user_000761,item_00038,53,2025-06-26,cancelled,빠른 복구를 위해 기부합니다.,2025-06-26,2025-06-26
DON000219,user_000410,item_00172,57,2025-05-02,delivered,빠른 복구를 위해 기부합니다.,2025-05-02,2025-05-09
DON000220,user_000482,item_00160,77,2025-08-03,cancelled,재난 피해자들에게 도움이 되길 바랍니다.,2025-08-03,2025-08-07
DON000221,user_000749,item_00034,25,2025-06-16,cancelled,피해자분들께 힘이 되길 바랍니다.,2025-06-16,2025-06-19
DON000222,user_000583,item_00177,94,2025-03-20,confirmed,빠른 복구를 위해 기부합니다.,2025-03-20,2025-03-26
DON000223,user_000872,item_00130,70,2025-04-07,confirmed,빠른 복구를 위해 기부합니다.,2025-04-07,2025-04-07
DON000224,user_000043,item_00091,5,2025-07-27,confirmed,재난 극복을 위해 함께하겠습니다.,2025-07-27,2025-07-27
DON000225,user_000963,item_00108,37,2025-06-29,cancelled,재난 극복을 위해 함께하겠습니다.,2025-06-29,2025-07-01
DON000226,user_000615,item_00183,64,2025-07-12,delivered,빠른 복구를 위해 기부합니다.,2025-07-12,2025-07-13
DON000227,user_000391,item_00019,61,2025-03-10,pending,빠른 복구를 위해 기부합니다.,2025-03-10,2025-03-17
DON000228,user_000926,item_00131,30,2025-09-02,pending,조금이나마 도움이 되었으면 좋겠습니다.,2025-09-02,2025-09-08
DON000229,user_000070,item_00110,65,2025-08-10,cancelled,피해자분들께 힘이 되길 바랍니다.,2025-08-10,2025-08-11
DON000230,user_000256,item_00112,63,2025-05-27,confirmed,빠른 복구를 위해 기부합니다.,2025-05-27,2025-05-30
DON000231,user_000228,item_00195,27,2025-05-25,confirmed,피해자분들께 힘이 되길 바랍니다.,2025-05-25,2025-06-01
DON000232,user_000052,item_00032,61,2025-07-09,delivered,조금이나마 도움이 되었으면 좋겠습니다.,2025-07-09,2025-07-10
DON000233,user_000553,item_00048,20,2025-03-25,delivered,재난 극복을 위해 함께하겠습니다.,2025-03-25,2025-03-25
DON000234,user_000214,item_00144,5,2025-05-31,pending,재난 피해자들에게 도움이 되길 바랍니다.,2025-05-31,2025-06-03
DON000235,user_000544,item_00042,79,2025-08-06,delivered,빠른 복구를 위해 기부합니다.,2025-08-06,2025-08-06
DON000236,user_000892,item_00143,98,2025-08-26,pending,피해자분들께 힘이 되길 바랍니다.,2025-08-26,2025-08-31
DON000237,user_000063,item_00124,17,2025-08-28,delivered,재난 극복을 위해 함께하겠습니다.,2025-08-28,2025-09-01
DON000238,user_000427,item_00002,77,2025-03-27,delivered,피해자분들께 힘이 되길 바랍니다.,2025-03-27,2025-03-31
DON000239,user_000983,item_00094,36,2025-03-09,confirmed,재난 극복을 위해 함께하겠습니다.,2025-03-09,2025-03-10
DON000240,user_000065,item_00075,22,2025-08-04,delivered,피해자분들께 힘이 되길 바랍니다.,2025-08-04,2025-08-05
DON000241,user_000926,item_00001,7,2025-08-07,pending,재난 피해자들에게 도움이 되길 바랍니다.,2025-08-07,2025-08-14
DON000242,user_000187,item_00136,53,2025-05-03,delivered,빠른 복구를 위해 기부합니다.,2025-05-03,2025-05-06
DON000243,user_000206,item_00105,57,2025-08-14,confirmed,빠른 복구를 위해 기부합니다.,2025-08-14,2025-08-21
DON000244,user_000988,item_00086,94,2025-08-09,cancelled,재난 극복을 위해 함께하겠습니다.,2025-08-09,2025-08-09
DON000245,user_000458,item_00098,80,2025-05-09,pending,재난 피해자들에게 도움이 되길 바랍니다.,2025-05-09,2025-05-14
DON000246,user_000649,item_00118,28,2025-03-25,pending,피해자분들께 힘이 되길 바랍니다.,2025-03-25,2025-03-31
DON000247,user_000169,item_00015,10,2025-07-19,delivered,재난 피해자들에게 도움이 되길 바랍니다.,2025-07-19,2025-07-25
DON000248,user_000025,item_00107,22,2025-03-14,cancelled,조금이나마 도움이 되었으면 좋겠습니다.,2025-03-14,2025-03-19
DON000249,user_000869,item_00032,35,2025-04-09,cancelled,재난 피해자들에게 도움이 되길 바랍니다.,2025-04-09,2025-04-13
DON000250,user_000549,item_00065,59,2025-03-20,delivered,재난 극복을 위해 함께하겠습니다.,2025-03-20,2025-03-26
DON000251,user_000688,item_00072,12,2025-07-22,confirmed,빠른 복구를 위해 기부합니다.,2025-07-22,2025-07-25
DON000252,user_000535,item_00138,67,2025-04-12,pending,재난 피해자들에게 도움이 되길 바랍니다.,2025-04-12,2025-04-13
DON000253,user_000365,item_00042,49,2025-08-13,cancelled,조금이나마 도움이 되었으면 좋겠습니다.,2025-08-13,2025-08-13
DON000254,user_000762,item_00103,97,2025-08-25,delivered,재난 극복을 위해 함께하겠습니다.,2025-08-25,2025-08-31
DON000255,user_000194,item_00113,8,2025-03-13,pending,피해자분들께 힘이 되길 바랍니다.,2025-03-13,2025-03-19
DON000256,user_000854,item_00007,96,2025-05-29,cancelled,피해자분들께 힘이 되길 바랍니다.,2025-05-29,2025-05-30
DON000257,user_000284,item_00026,46,2025-06-13,delivered,조금이나마 도움이 되었으면 좋겠습니다.,2025-06-13,2025-06-15
DON000258,user_000247,item_00142,66,2025-03-12,cancelled,빠른 복구를 위해 기부합니다.,2025-03-12,2025-03-16
DON000259,user_000199,item_00105,72,2025-05-23,pending,조금이나마 도움이 되었으면 좋겠습니다.,2025-05-23,2025-05-25
DON000260,user_000228,item_00073,9,2025-05-07,pending,빠른 복구를 위해 기부합니다.,2025-05-07,2025-05-08
DON000261,user_000158,item_00174,10,2025-08-28,delivered,빠른 복구를 위해 기부합니다.,2025-08-28,2025-09-03
DON000262,user_000636,item_00124,79,2025-06-08,confirmed,재난 피해자들에게 도움이 되길 바랍니다.,2025-06-08,2025-06-12
DON000263,user_000355,item_00020,2,2025-04-13,confirmed,재난 피해자들에게 도움이 되길 바랍니다.,2025-04-13,2025-04-19
DON000264,user_000295,item_00053,85,2025-07-18,delivered,재난 극복을 위해 함께하겠습니다.,2025-07-18,2025-07-25
DON000265,user_000999,item_00110,30,2025-08-22,pending,조금이나마 도움이 되었으면 좋겠습니다.,2025-08-22,2025-08-23
DON000266,user_000378,item_00106,89,2025-05-31,confirmed,재난 피해자들에게 도움이 되길 바랍니다.,2025-05-31,2025-06-04
DON000267,user_000959,item_00091,53,2025-03-10,delivered,재난 극복을 위해 함께하겠습니다.,2025-03-10,2025-03-11
DON000268,user_000747,item_00180,54,2025-06-21,cancelled,재난 극복을 위해 함께하겠습니다.,2025-06-21,2025-06-26
DON000269,user_000404,item_00014,91,2025-04-25,pending,피해자분들께 힘이 되길 바랍니다.,2025-04-25,2025-05-01
DON000270,user_000360,item_00011,62,2025-06-22,cancelled,빠른 복구를 위해 기부합니다.,2025-06-22,2025-06-24
DON000271,user_000777,item_00035,67,2025-03-16,confirmed,빠른 복구를 위해 기부합니다.,2025-03-16,2025-03-16
DON000272,user_000961,item_00183,19,2025-08-16,confirmed,빠른 복구를 위해 기부합니다.,2025-08-16,2025-08-17
DON000273,user_000413,item_00188,69,2025-03-18,cancelled,재난 피해자들에게 도움이 되길 바랍니다.,2025-03-18,2025-03-19
DON000274,user_000798,item_00147,86,2025-08-03,cancelled,피해자분들께 힘이 되길 바랍니다.,2025-08-03,2025-08-09
DON000275,user_000426,item_00077,82,2025-04-21,cancelled,조금이나마 도움이 되었으면 좋겠습니다.,2025-04-21,2025-04-23
DON000276,user_000243,item_00001,54,2025-07-28,cancelled,빠른 복구를 위해 기부합니다.,2025-07-28,2025-08-01
DON000277,user_000621,item_00159,82,2025-08-29,confirmed,재난 극복을 위해 함께하겠습니다.,2025-08-29,2025-09-02
DON000278,user_000433,item_00123,31,2025-06-14,cancelled,빠른 복구를 위해 기부합니다.,2025-06-14,2025-06-14
DON000279,user_000736,item_00005,82,2025-03-11,delivered,피해자분들께 힘이 되길 바랍니다.,2025-03-11,2025-03-11
DON000280,user_000189,item_00024,52,2025-04-10,cancelled,조금이나마 도움이 되었으면 좋겠습니다.,2025-04-10,2025-04-16
DON000281,user_000812,item_00169,37,2025-07-17,pending,피해자분들께 힘이 되길 바랍니다.,2025-07-17,2025-07-20
DON000282,user_000542,item_00047,99,2025-04-26,pending,재난 피해자들에게 도움이 되길 바랍니다.,2025-04-26,2025-05-02
DON000283,user_000922,item_00092,30,2025-06-14,delivered,재난 극복을 위해 함께하겠습니다.,2025-06-14,2025-06-17
DON000284,user_000636,item_00134,55,2025-04-13,delivered,빠른 복구를 위해 기부합니다.,2025-04-13,2025-04-20
DON000285,user_000472,item_00109,90,2025-06-20,pending,피해자분들께 힘이 되길 바랍니다.,2025-06-20,2025-06-21
DON000286,user_000260,item_00051,32,2025-03-21,confirmed,조금이나마 도움이 되었으면 좋겠습니다.,2025-03-21,2025-03-28
DON000287,user_000022,item_00175,68,2025-04-15,cancelled,조금이나마 도움이 되었으면 좋겠습니다.,2025-04-15,2025-04-15
DON000288,user_000632,item_00084,91,2025-05-19,confirmed,조금이나마 도움이 되었으면 좋겠습니다.,2025-05-19,2025-05-24
DON000289,user_000737,item_00034,72,2025-05-25,confirmed,피해자분들께 힘이 되길 바랍니다.,2025-05-25,2025-05-27
DON000290,user_000888,item_00181,14,2025-08-20,delivered,조금이나마 도움이 되었으면 좋겠습니다.,2025-08-20,2025-08-23
DON000291,user_000804,item_00116,11,2025-07-17,delivered,재난 극복을 위해 함께하겠습니다.,2025-07-17,2025-07-19
DON000292,user_000838,item_00027,76,2025-03-30,confirmed,피해자분들께 힘이 되길 바랍니다.,2025-03-30,2025-03-30
DON000293,user_000796,item_00164,36,2025-07-13,confirmed,피해자분들께 힘이 되길 바랍니다.,2025-07-13,2025-07-18
DON000294,user_000060,item_00090,98,2025-03-12,cancelled,재난 피해자들에게 도움이 되길 바랍니다.,2025-03-12,2025-03-19
DON000295,user_000144,item_00069,30,2025-05-31,cancelled,피해자분들께 힘이 되길 바랍니다.,2025-05-31,2025-06-01
DON000296,user_000015,item_00081,68,2025-03-11,confirmed,재난 피해자들에게 도움이 되길 바랍니다.,2025-03-11,2025-03-12
DON000297,user_000053,item_00025,40,2025-07-19,confirmed,재난 피해자들에게 도움이 되길 바랍니다.,2025-07-19,2025-07-23
DON000298,user_000348,item_00118,7,2025-03-20,confirmed,조금이나마 도움이 되었으면 좋겠습니다.,2025-03-20,2025-03-21
DON000299,user_000238,item_00115,67,2025-07-06,confirmed,조금이나마 도움이 되었으면 좋겠습니다.,2025-07-06,2025-07-07
DON000300,user_000008,item_00098,98,2025-03-29,confirmed,조금이나마 도움이 되었으면 좋겠습니다.,2025-03-29,2025-04-05
DON000301,user_000434,item_00112,33,2025-06-30,delivered,빠른 복구를 위해 기부합니다.,2025-06-30,2025-07-02
DON000302,user_000022,item_00056,95,2025-08-14,pending,빠른 복구를 위해 기부합니다.,2025-08-14,2025-08-14
DON000303,user_000425,item_00101,22,2025-08-04,delivered,피해자분들께 힘이 되길 바랍니다.,2025-08-04,2025-08-05
DON000304,user_000056,item_00004,71,2025-08-21,pending,피해자분들께 힘이 되길 바랍니다.,2025-08-21,2025-08-27
DON000305,user_000303,item_00106,32,2025-04-06,cancelled,조금이나마 도움이 되었으면 좋겠습니다.,2025-04-06,2025-04-13
DON000306,user_000676,item_00005,41,2025-07-27,delivered,재난 극복을 위해 함께하겠습니다.,2025-07-27,2025-07-31
DON000307,user_000418,item_00128,99,2025-04-21,delivered,재난 피해자들에게 도움이 되길 바랍니다.,2025-04-21,2025-04-24
DON000308,user_000767,item_00018,31,2025-04-30,cancelled,재난 피해자들에게 도움이 되길 바랍니다.,2025-04-30,2025-05-05
DON000309,user_000073,item_00057,5,2025-06-14,delivered,빠른 복구를 위해 기부합니다.,2025-06-14,2025-06-15
DON000310,user_000894,item_00164,15,2025-08-14,pending,빠른 복구를 위해 기부합니다.,2025-08-14,2025-08-19
DON000311,user_000842,item_00175,14,2025-03-15,cancelled,재난 극복을 위해 함께하겠습니다.,2025-03-15,2025-03-21
DON000312,user_000855,item_00154,57,2025-07-08,cancelled,빠른 복구를 위해 기부합니다.,2025-07-08,2025-07-10
DON000313,user_000815,item_00076,16,2025-09-03,pending,빠른 복구를 위해 기부합니다.,2025-09-03,2025-09-09
DON000314,user_000353,item_00055,98,2025-07-29,delivered,피해자분들께 힘이 되길 바랍니다.,2025-07-29,2025-08-01
DON000315,user_000746,item_00031,20,2025-06-26,confirmed,재난 피해자들에게 도움이 되길 바랍니다.,2025-06-26,2025-06-30
DON000316,user_000915,item_00066,78,2025-07-16,confirmed,재난 극복을 위해 함께하겠습니다.,2025-07-16,2025-07-17
DON000317,user_000101,item_00046,86,2025-03-10,cancelled,재난 피해자들에게 도움이 되길 바랍니다.,2025-03-10,2025-03-14
DON000318,user_000791,item_00019,16,2025-07-07,confirmed,조금이나마 도움이 되었으면 좋겠습니다.,2025-07-07,2025-07-14
DON000319,user_000245,item_00060,99,2025-05-04,cancelled,빠른 복구를 위해 기부합니다.,2025-05-04,2025-05-04
DON000320,user_000939,item_00154,51,2025-05-07,confirmed,재난 극복을 위해 함께하겠습니다.,2025-05-07,2025-05-09
DON000321,user_000724,item_00067,86,2025-03-12,pending,빠른 복구를 위해 기부합니다.,2025-03-12,2025-03-14
DON000322,user_000783,item_00100,9,2025-05-01,confirmed,재난 피해자들에게 도움이 되길 바랍니다.,2025-05-01,2025-05-03
DON000323,user_000932,item_00095,78,2025-04-23,cancelled,재난 피해자들에게 도움이 되길 바랍니다.,2025-04-23,2025-04-30
DON000324,user_000582,item_00117,19,2025-03-31,delivered,재난 극복을 위해 함께하겠습니다.,2025-03-31,2025-04-05
DON000325,user_000598,item_00133,21,2025-04-09,cancelled,빠른 복구를 위해 기부합니다.,2025-04-09,2025-04-12
DON000326,user_000119,item_00159,83,2025-07-09,confirmed,재난 피해자들에게 도움이 되길 바랍니다.,2025-07-09,2025-07-09
DON000327,user_000147,item_00012,90,2025-06-24,delivered,조금이나마 도움이 되었으면 좋겠습니다.,2025-06-24,2025-06-28
DON000328,user_000385,item_00186,54,2025-08-15,cancelled,조금이나마 도움이 되었으면 좋겠습니다.,2025-08-15,2025-08-18
DON000329,user_000974,item_00106,44,2025-05-03,pending,조금이나마 도움이 되었으면 좋겠습니다.,2025-05-03,2025-05-03
DON000330,user_000256,item_00168,65,2025-05-07,delivered,재난 극복을 위해 함께하겠습니다.,2025-05-07,2025-05-13
DON000331,user_000206,item_00065,96,2025-08-09,confirmed,재난 극복을 위해 함께하겠습니다.,2025-08-09,2025-08-13
DON000332,user_000687,item_00114,82,2025-05-10,pending,재난 피해자들에게 도움이 되길 바랍니다.,2025-05-10,2025-05-17
DON000333,user_000222,item_00113,40,2025-06-17,delivered,빠른 복구를 위해 기부합니다.,2025-06-17,2025-06-22
DON000334,user_000731,item_00067,19,2025-07-08,pending,피해자분들께 힘이 되길 바랍니다.,2025-07-08,2025-07-15
DON000335,user_000237,item_00052,90,2025-08-28,confirmed,피해자분들께 힘이 되길 바랍니다.,2025-08-28,2025-08-29
DON000336,user_000627,item_00161,70,2025-03-23,cancelled,피해자분들께 힘이 되길 바랍니다.,2025-03-23,2025-03-25
DON000337,user_000816,item_00097,80,2025-04-16,cancelled,피해자분들께 힘이 되길 바랍니다.,2025-04-16,2025-04-19
DON000338,user_000013,item_00188,40,2025-06-10,pending,재난 극복을 위해 함께하겠습니다.,2025-06-10,2025-06-12
DON000339,user_000836,item_00049,64,2025-05-18,confirmed,빠른 복구를 위해 기부합니다.,2025-05-18,2025-05-22
DON000340,user_000546,item_00093,55,2025-03-12,cancelled,조금이나마 도움이 되었으면 좋겠습니다.,2025-03-12,2025-03-19
DON000341,user_000862,item_00110,99,2025-06-18,cancelled,재난 피해자들에게 도움이 되길 바랍니다.,2025-06-18,2025-06-25
DON000342,user_000111,item_00034,30,2025-05-13,confirmed,조금이나마 도움이 되었으면 좋겠습니다.,2025-05-13,2025-05-18
DON000343,user_001000,item_00192,13,2025-09-01,confirmed,빠른 복구를 위해 기부합니다.,2025-09-01,2025-09-02
DON000344,user_000738,item_00124,55,2025-06-14,pending,재난 피해자들에게 도움이 되길 바랍니다.,2025-06-14,2025-06-16
DON000345,user_000467,item_00167,29,2025-05-05,pending,재난 극복을 위해 함께하겠습니다.,2025-05-05,2025-05-08
DON000346,user_000339,item_00040,3,2025-07-03,delivered,재난 극복을 위해 함께하겠습니다.,2025-07-03,2025-07-03
DON000347,user_000685,item_00186,21,2025-06-17,confirmed,조금이나마 도움이 되었으면 좋겠습니다.,2025-06-17,2025-06-24
DON000348,user_000860,item_00168,69,2025-08-25,pending,빠른 복구를 위해 기부합니다.,2025-08-25,2025-08-26
DON000349,user_000442,item_00096,14,2025-04-07,pending,재난 피해자들에게 도움이 되길 바랍니다.,2025-04-07,2025-04-10
DON000350,user_000815,item_00010,87,2025-03-16,delivered,피해자분들께 힘이 되길 바랍니다.,2025-03-16,2025-03-20
DON000351,user_000535,item_00178,29,2025-06-20,pending,조금이나마 도움이 되었으면 좋겠습니다.,2025-06-20,2025-06-21
DON000352,user_000681,item_00057,85,2025-08-02,pending,피해자분들께 힘이 되길 바랍니다.,2025-08-02,2025-08-04
DON000353,user_000708,item_00160,47,2025-03-31,confirmed,조금이나마 도움이 되었으면 좋겠습니다.,2025-03-31,2025-03-31
DON000354,user_000355,item_00151,46,2025-06-09,pending,재난 극복을 위해 함께하겠습니다.,2025-06-09,2025-06-13
DON000355,user_000110,item_00041,68,2025-08-09,delivered,빠른 복구를 위해 기부합니다.,2025-08-09,2025-08-12
DON000356,user_000456,item_00063,35,2025-08-18,pending,재난 극복을 위해 함께하겠습니다.,2025-08-18,2025-08-23
DON000357,user_000092,item_00087,5,2025-08-08,pending,조금이나마 도움이 되었으면 좋겠습니다.,2025-08-08,2025-08-10
DON000358,user_000509,item_00023,35,2025-06-13,cancelled,재난 극복을 위해 함께하겠습니다.,2025-06-13,2025-06-20
DON000359,user_000355,item_00027,29,2025-07-29,confirmed,조금이나마 도움이 되었으면 좋겠습니다.,2025-07-29,2025-07-29
DON000360,user_000655,item_00101,67,2025-05-09,confirmed,재난 극복을 위해 함께하겠습니다.,2025-05-09,2025-05-15
DON000361,user_000773,item_00200,15,2025-07-22,cancelled,조금이나마 도움이 되었으면 좋겠습니다.,2025-07-22,2025-07-27
DON000362,user_000087,item_00182,37,2025-05-16,cancelled,피해자분들께 힘이 되길 바랍니다.,2025-05-16,2025-05-17
DON000363,user_000523,item_00020,4,2025-04-13,confirmed,빠른 복구를 위해 기부합니다.,2025-04-13,2025-04-20
DON000364,user_000506,item_00095,61,2025-07-20,delivered,재난 극복을 위해 함께하겠습니다.,2025-07-20,2025-07-25
DON000365,user_000804,item_00151,77,2025-09-03,delivered,재난 피해자들에게 도움이 되길 바랍니다.,2025-09-03,2025-09-08
DON000366,user_000761,item_00054,57,2025-07-25,cancelled,재난 피해자들에게 도움이 되길 바랍니다.,2025-07-25,2025-07-31
DON000367,user_000346,item_00076,67,2025-03-13,confirmed,조금이나마 도움이 되었으면 좋겠습니다.,2025-03-13,2025-03-19
DON000368,user_000252,item_00085,89,2025-05-02,pending,빠른 복구를 위해 기부합니다.,2025-05-02,2025-05-02
DON000369,user_000350,item_00194,96,2025-04-20,pending,재난 피해자들에게 도움이 되길 바랍니다.,2025-04-20,2025-04-21
DON000370,user_000685,item_00195,84,2025-07-26,delivered,피해자분들께 힘이 되길 바랍니다.,2025-07-26,2025-07-30
DON000371,user_000737,item_00137,49,2025-04-25,pending,빠른 복구를 위해 기부합니다.,2025-04-25,2025-04-26
DON000372,user_000042,item_00118,25,2025-04-23,delivered,재난 극복을 위해 함께하겠습니다.,2025-04-23,2025-04-29
DON000373,user_000070,item_00167,40,2025-04-30,pending,조금이나마 도움이 되었으면 좋겠습니다.,2025-04-30,2025-05-04
DON000374,user_000427,item_00153,26,2025-03-18,pending,조금이나마 도움이 되었으면 좋겠습니다.,2025-03-18,2025-03-23
DON000375,user_000882,item_00185,98,2025-05-14,confirmed,조금이나마 도움이 되었으면 좋겠습니다.,2025-05-14,2025-05-14
DON000376,user_000189,item_00122,89,2025-07-10,delivered,조금이나마 도움이 되었으면 좋겠습니다.,2025-07-10,2025-07-12
DON000377,user_000454,item_00127,54,2025-07-26,delivered,빠른 복구를 위해 기부합니다.,2025-07-26,2025-07-29
DON000378,user_000020,item_00020,68,2025-07-25,delivered,피해자분들께 힘이 되길 바랍니다.,2025-07-25,2025-07-30
DON000379,user_000346,item_00198,16,2025-07-29,pending,재난 피해자들에게 도움이 되길 바랍니다.,2025-07-29,2025-08-05
DON000380,user_000151,item_00074,32,2025-04-01,confirmed,조금이나마 도움이 되었으면 좋겠습니다.,2025-04-01,2025-04-08
DON000381,user_000274,item_00194,50,2025-07-19,delivered,피해자분들께 힘이 되길 바랍니다.,2025-07-19,2025-07-19
DON000382,user_000618,item_00177,55,2025-04-24,confirmed,재난 극복을 위해 함께하겠습니다.,2025-04-24,2025-04-24
DON000383,user_000218,item_00070,81,2025-03-12,pending,조금이나마 도움이 되었으면 좋겠습니다.,2025-03-12,2025-03-15
DON000384,user_000831,item_00157,31,2025-07-18,confirmed,빠른 복구를 위해 기부합니다.,2025-07-18,2025-07-20
DON000385,user_000691,item_00015,86,2025-05-20,confirmed,빠른 복구를 위해 기부합니다.,2025-05-20,2025-05-23
DON000386,user_000137,item_00116,36,2025-05-22,pending,조금이나마 도움이 되었으면 좋겠습니다.,2025-05-22,2025-05-29
DON000387,user_000333,item_00010,97,2025-04-20,delivered,빠른 복구를 위해 기부합니다.,2025-04-20,2025-04-22
DON000388,user_000779,item_00172,47,2025-05-06,confirmed,재난 피해자들에게 도움이 되길 바랍니다.,2025-05-06,2025-05-12
DON000389,user_000511,item_00170,79,2025-09-07,confirmed,피해자분들께 힘이 되길 바랍니다.,2025-09-07,2025-09-07
DON000390,user_000223,item_00117,74,2025-07-21,cancelled,재난 극복을 위해 함께하겠습니다.,2025-07-21,2025-07-24
DON000391,user_000520,item_00097,67,2025-07-01,cancelled,빠른 복구를 위해 기부합니다.,2025-07-01,2025-07-04
DON000392,user_000899,item_00009,96,2025-08-21,confirmed,피해자분들께 힘이 되길 바랍니다.,2025-08-21,2025-08-21
DON000393,user_000520,item_00180,71,2025-06-15,confirmed,피해자분들께 힘이 되길 바랍니다.,2025-06-15,2025-06-22
DON000394,user_000766,item_00143,56,2025-08-07,cancelled,재난 피해자들에게 도움이 되길 바랍니다.,2025-08-07,2025-08-14
DON000395,user_000830,item_00160,77,2025-06-08,cancelled,재난 피해자들에게 도움이 되길 바랍니다.,2025-06-08,2025-06-14
DON000396,user_000778,item_00182,39,2025-04-22,pending,빠른 복구를 위해 기부합니다.,2025-04-22,2025-04-26
DON000397,user_000587,item_00044,41,2025-05-28,delivered,조금이나마 도움이 되었으면 좋겠습니다.,2025-05-28,2025-05-29
DON000398,user_000215,item_00178,85,2025-04-27,pending,빠른 복구를 위해 기부합니다.,2025-04-27,2025-05-02
DON000399,user_000792,item_00075,34,2025-06-26,cancelled,재난 극복을 위해 함께하겠습니다.,2025-06-26,2025-07-01
DON000400,user_000767,item_00021,35,2025-03-20,delivered,빠른 복구를 위해 기부합니다.,2025-03-20,2025-03-26
DON000401,user_000531,item_00119,86,2025-07-28,delivered,재난 극복을 위해 함께하겠습니다.,2025-07-28,2025-08-01
DON000402,user_000715,item_00040,19,2025-07-06,confirmed,피해자분들께 힘이 되길 바랍니다.,2025-07-06,2025-07-09
DON000403,user_000639,item_00071,71,2025-03-10,confirmed,피해자분들께 힘이 되길 바랍니다.,2025-03-10,2025-03-16
DON000404,user_000248,item_00179,33,2025-05-02,pending,빠른 복구를 위해 기부합니다.,2025-05-02,2025-05-09
DON000405,user_000677,item_00153,71,2025-04-05,pending,재난 피해자들에게 도움이 되길 바랍니다.,2025-04-05,2025-04-12
DON000406,user_000688,item_00129,55,2025-06-11,pending,재난 극복을 위해 함께하겠습니다.,2025-06-11,2025-06-16
DON000407,user_000879,item_00019,23,2025-07-20,confirmed,피해자분들께 힘이 되길 바랍니다.,2025-07-20,2025-07-21
DON000408,user_000606,item_00073,59,2025-05-28,delivered,피해자분들께 힘이 되길 바랍니다.,2025-05-28,2025-06-02
DON000409,user_000322,item_00164,1,2025-08-10,delivered,빠른 복구를 위해 기부합니다.,2025-08-10,2025-08-14
DON000410,user_000750,item_00155,18,2025-04-13,pending,조금이나마 도움이 되었으면 좋겠습니다.,2025-04-13,2025-04-20
DON000411,user_000479,item_00044,1,2025-03-30,confirmed,피해자분들께 힘이 되길 바랍니다.,2025-03-30,2025-04-01
DON000412,user_000803,item_00078,80,2025-04-11,cancelled,재난 피해자들에게 도움이 되길 바랍니다.,2025-04-11,2025-04-14
DON000413,user_000248,item_00199,98,2025-09-03,delivered,재난 극복을 위해 함께하겠습니다.,2025-09-03,2025-09-03
DON000414,user_000027,item_00069,71,2025-07-17,delivered,피해자분들께 힘이 되길 바랍니다.,2025-07-17,2025-07-18
DON000415,user_000839,item_00089,1,2025-08-16,delivered,조금이나마 도움이 되었으면 좋겠습니다.,2025-08-16,2025-08-21
DON000416,user_000719,item_00188,95,2025-07-13,delivered,재난 피해자들에게 도움이 되길 바랍니다.,2025-07-13,2025-07-15
DON000417,user_000573,item_00140,4,2025-06-25,confirmed,빠른 복구를 위해 기부합니다.,2025-06-25,2025-06-26
DON000418,user_000094,item_00142,2,2025-07-07,confirmed,재난 피해자들에게 도움이 되길 바랍니다.,2025-07-07,2025-07-09
DON000419,user_000973,item_00059,70,2025-03-21,cancelled,재난 피해자들에게 도움이 되길 바랍니다.,2025-03-21,2025-03-25
DON000420,user_000643,item_00107,90,2025-09-05,cancelled,조금이나마 도움이 되었으면 좋겠습니다.,2025-09-05,2025-09-07
DON000421,user_000406,item_00193,69,2025-07-31,pending,재난 피해자들에게 도움이 되길 바랍니다.,2025-07-31,2025-08-01
DON000422,user_000949,item_00189,23,2025-05-06,pending,빠른 복구를 위해 기부합니다.,2025-05-06,2025-05-13
DON000423,user_000018,item_00076,76,2025-03-27,pending,재난 극복을 위해 함께하겠습니다.,2025-03-27,2025-03-31
DON000424,user_000844,item_00003,76,2025-05-28,pending,피해자분들께 힘이 되길 바랍니다.,2025-05-28,2025-05-29
DON000425,user_000487,item_00149,22,2025-05-17,confirmed,재난 피해자들에게 도움이 되길 바랍니다.,2025-05-17,2025-05-23
DON000426,user_000371,item_00111,69,2025-03-27,delivered,빠른 복구를 위해 기부합니다.,2025-03-27,2025-03-27
DON000427,user_000282,item_00199,83,2025-07-05,confirmed,피해자분들께 힘이 되길 바랍니다.,2025-07-05,2025-07-09
DON000428,user_000350,item_00017,85,2025-07-15,cancelled,재난 피해자들에게 도움이 되길 바랍니다.,2025-07-15,2025-07-22
DON000429,user_000385,item_00085,74,2025-03-16,pending,조금이나마 도움이 되었으면 좋겠습니다.,2025-03-16,2025-03-22
DON000430,user_000877,item_00051,41,2025-04-20,cancelled,피해자분들께 힘이 되길 바랍니다.,2025-04-20,2025-04-23
DON000431,user_000289,item_00144,98,2025-07-02,confirmed,피해자분들께 힘이 되길 바랍니다.,2025-07-02,2025-07-03
DON000432,user_000359,item_00050,19,2025-04-15,cancelled,재난 피해자들에게 도움이 되길 바랍니다.,2025-04-15,2025-04-21
DON000433,user_000847,item_00191,1,2025-03-13,delivered,피해자분들께 힘이 되길 바랍니다.,2025-03-13,2025-03-20
DON000434,user_000158,item_00199,41,2025-07-19,cancelled,피해자분들께 힘이 되길 바랍니다.,2025-07-19,2025-07-25
DON000435,user_000577,item_00126,18,2025-07-16,confirmed,조금이나마 도움이 되었으면 좋겠습니다.,2025-07-16,2025-07-20
DON000436,user_000652,item_00065,41,2025-05-18,cancelled,재난 극복을 위해 함께하겠습니다.,2025-05-18,2025-05-22
DON000437,user_000064,item_00045,1,2025-03-18,confirmed,피해자분들께 힘이 되길 바랍니다.,2025-03-18,2025-03-21
DON000438,user_000079,item_00084,38,2025-06-05,confirmed,피해자분들께 힘이 되길 바랍니다.,2025-06-05,2025-06-05
DON000439,user_000332,item_00099,15,2025-08-15,delivered,빠른 복구를 위해 기부합니다.,2025-08-15,2025-08-17
DON000440,user_000706,item_00120,14,2025-07-23,delivered,빠른 복구를 위해 기부합니다.,2025-07-23,2025-07-25
DON000441,user_000377,item_00067,84,2025-09-04,confirmed,빠른 복구를 위해 기부합니다.,2025-09-04,2025-09-05
DON000442,user_000641,item_00012,6,2025-09-02,pending,조금이나마 도움이 되었으면 좋겠습니다.,2025-09-02,2025-09-07
DON000443,user_000607,item_00168,48,2025-07-04,confirmed,피해자분들께 힘이 되길 바랍니다.,2025-07-04,2025-07-04
DON000444,user_000107,item_00020,29,2025-04-04,cancelled,피해자분들께 힘이 되길 바랍니다.,2025-04-04,2025-04-07
DON000445,user_000857,item_00080,22,2025-03-09,delivered,재난 극복을 위해 함께하겠습니다.,2025-03-09,2025-03-12
DON000446,user_000713,item_00003,6,2025-07-03,pending,조금이나마 도움이 되었으면 좋겠습니다.,2025-07-03,2025-07-04
DON000447,user_000334,item_00037,84,2025-06-08,delivered,재난 극복을 위해 함께하겠습니다.,2025-06-08,2025-06-14
DON000448,user_000442,item_00147,77,2025-06-26,confirmed,재난 피해자들에게 도움이 되길 바랍니다.,2025-06-26,2025-06-26
DON000449,user_000509,item_00042,9,2025-07-27,delivered,재난 극복을 위해 함께하겠습니다.,2025-07-27,2025-07-30
DON000450,user_000077,item_00141,71,2025-06-25,delivered,재난 극복을 위해 함께하겠습니다.,2025-06-25,2025-06-25
DON000451,user_000418,item_00044,30,2025-06-05,confirmed,피해자분들께 힘이 되길 바랍니다.,2025-06-05,2025-06-09
DON000452,user_000560,item_00030,75,2025-03-24,pending,피해자분들께 힘이 되길 바랍니다.,2025-03-24,2025-03-24
DON000453,user_000436,item_00037,72,2025-05-31,confirmed,빠른 복구를 위해 기부합니다.,2025-05-31,2025-06-01
DON000454,user_000921,item_00118,34,2025-04-28,cancelled,재난 피해자들에게 도움이 되길 바랍니다.,2025-04-28,2025-04-30
DON000455,user_000449,item_00029,88,2025-08-07,delivered,피해자분들께 힘이 되길 바랍니다.,2025-08-07,2025-08-14
DON000456,user_000340,item_00151,90,2025-07-29,confirmed,조금이나마 도움이 되었으면 좋겠습니다.,2025-07-29,2025-07-30
DON000457,user_000100,item_00200,100,2025-06-29,pending,빠른 복구를 위해 기부합니다.,2025-06-29,2025-07-03
DON000458,user_000539,item_00021,33,2025-07-05,confirmed,재난 피해자들에게 도움이 되길 바랍니다.,2025-07-05,2025-07-07
DON000459,user_000390,item_00069,19,2025-05-21,confirmed,빠른 복구를 위해 기부합니다.,2025-05-21,2025-05-21
DON000460,user_000072,item_00094,40,2025-06-21,cancelled,조금이나마 도움이 되었으면 좋겠습니다.,2025-06-21,2025-06-21
DON000461,user_000662,item_00057,59,2025-08-11,pending,피해자분들께 힘이 되길 바랍니다.,2025-08-11,2025-08-13
DON000462,user_000389,item_00104,65,2025-06-15,confirmed,재난 피해자들에게 도움이 되길 바랍니다.,2025-06-15,2025-06-16
DON000463,user_000371,item_00066,51,2025-07-15,pending,빠른 복구를 위해 기부합니다.,2025-07-15,2025-07-19
DON000464,user_000502,item_00056,84,2025-04-07,confirmed,재난 피해자들에게 도움이 되길 바랍니다.,2025-04-07,2025-04-08
DON000465,user_000935,item_00130,4,2025-06-24,pending,빠른 복구를 위해 기부합니다.,2025-06-24,2025-06-25
DON000466,user_000406,item_00035,7,2025-06-15,cancelled,조금이나마 도움이 되었으면 좋겠습니다.,2025-06-15,2025-06-16
DON000467,user_000642,item_00118,63,2025-03-19,pending,조금이나마 도움이 되었으면 좋겠습니다.,2025-03-19,2025-03-26
DON000468,user_000917,item_00041,87,2025-05-08,delivered,피해자분들께 힘이 되길 바랍니다.,2025-05-08,2025-05-09
DON000469,user_000284,item_00172,73,2025-03-28,confirmed,재난 피해자들에게 도움이 되길 바랍니다.,2025-03-28,2025-03-28
DON000470,user_000668,item_00081,67,2025-04-18,confirmed,피해자분들께 힘이 되길 바랍니다.,2025-04-18,2025-04-23
DON000471,user_000829,item_00188,73,2025-05-01,confirmed,재난 피해자들에게 도움이 되길 바랍니다.,2025-05-01,2025-05-05
DON000472,user_000727,item_00157,35,2025-04-13,pending,피해자분들께 힘이 되길 바랍니다.,2025-04-13,2025-04-13
DON000473,user_000341,item_00123,23,2025-08-07,pending,빠른 복구를 위해 기부합니다.,2025-08-07,2025-08-07
DON000474,user_000388,item_00158,78,2025-03-24,cancelled,피해자분들께 힘이 되길 바랍니다.,2025-03-24,2025-03-25
DON000475,user_000950,item_00014,77,2025-07-22,confirmed,조금이나마 도움이 되었으면 좋겠습니다.,2025-07-22,2025-07-22
DON000476,user_000833,item_00118,80,2025-03-18,pending,조금이나마 도움이 되었으면 좋겠습니다.,2025-03-18,2025-03-22
DON000477,user_000147,item_00076,41,2025-04-02,confirmed,빠른 복구를 위해 기부합니다.,2025-04-02,2025-04-04
DON000478,user_000021,item_00004,97,2025-08-30,pending,재난 피해자들에게 도움이 되길 바랍니다.,2025-08-30,2025-09-05
DON000479,user_000197,item_00043,12,2025-06-13,cancelled,재난 피해자들에게 도움이 되길 바랍니다.,2025-06-13,2025-06-19
DON000480,user_000916,item_00063,25,2025-04-02,delivered,재난 극복을 위해 함께하겠습니다.,2025-04-02,2025-04-08
DON000481,user_000505,item_00186,70,2025-09-05,delivered,재난 피해자들에게 도움이 되길 바랍니다.,2025-09-05,2025-09-07
DON000482,user_000869,item_00106,31,2025-09-02,delivered,빠른 복구를 위해 기부합니다.,2025-09-02,2025-09-03
DON000483,user_000900,item_00055,3,2025-06-16,pending,빠른 복구를 위해 기부합니다.,2025-06-16,2025-06-23
DON000484,user_000387,item_00186,60,2025-08-22,cancelled,조금이나마 도움이 되었으면 좋겠습니다.,2025-08-22,2025-08-27
DON000485,user_000926,item_00070,88,2025-05-11,cancelled,빠른 복구를 위해 기부합니다.,2025-05-11,2025-05-11
DON000486,user_000453,item_00089,18,2025-05-29,cancelled,재난 극복을 위해 함께하겠습니다.,2025-05-29,2025-06-01
DON000487,user_000546,item_00061,64,2025-05-16,cancelled,조금이나마 도움이 되었으면 좋겠습니다.,2025-05-16,2025-05-19
DON000488,user_000186,item_00055,4,2025-08-10,cancelled,피해자분들께 힘이 되길 바랍니다.,2025-08-10,2025-08-13
DON000489,user_000873,item_00135,88,2025-05-23,cancelled,피해자분들께 힘이 되길 바랍니다.,2025-05-23,2025-05-29
DON000490,user_000216,item_00086,39,2025-06-17,confirmed,재난 극복을 위해 함께하겠습니다.,2025-06-17,2025-06-22
DON000491,user_000894,item_00058,11,2025-03-13,confirmed,재난 극복을 위해 함께하겠습니다.,2025-03-13,2025-03-13
DON000492,user_000408,item_00021,22,2025-06-07,cancelled,빠른 복구를 위해 기부합니다.,2025-06-07,2025-06-07
DON000493,user_000228,item_00125,48,2025-08-03,cancelled,재난 피해자들에게 도움이 되길 바랍니다.,2025-08-03,2025-08-07
DON000494,user_000631,item_00095,79,2025-04-04,pending,재난 극복을 위해 함께하겠습니다.,2025-04-04,2025-04-07
DON000495,user_000061,item_00003,37,2025-07-11,delivered,빠른 복구를 위해 기부합니다.,2025-07-11,2025-07-16
DON000496,user_000493,item_00171,21,2025-05-31,confirmed,재난 극복을 위해 함께하겠습니다.,2025-05-31,2025-06-03
DON000497,user_000075,item_00148,83,2025-06-15,cancelled,조금이나마 도움이 되었으면 좋겠습니다.,2025-06-15,2025-06-19
DON000498,user_000059,item_00061,100,2025-06-16,pending,빠른 복구를 위해 기부합니다.,2025-06-16,2025-06-20
DON000499,user_000744,item_00185,19,2025-05-20,pending,조금이나마 도움이 되었으면 좋겠습니다.,2025-05-20,2025-05-27
DON000500,user_000038,item_00084,65,2025-03-21,pending,빠른 복구를 위해 기부합니다.,2025-03-21,2025-03-26
DON000501,user_000523,item_00158,17,2025-03-30,confirmed,재난 극복을 위해 함께하겠습니다.,2025-03-30,2025-04-02
DON000502,user_000954,item_00114,93,2025-08-08,cancelled,조금이나마 도움이 되었으면 좋겠습니다.,2025-08-08,2025-08-14
DON000503,user_000577,item_00115,1,2025-04-17,pending,조금이나마 도움이 되었으면 좋겠습니다.,2025-04-17,2025-04-23
DON000504,user_000111,item_00150,83,2025-07-21,confirmed,빠른 복구를 위해 기부합니다.,2025-07-21,2025-07-26
DON000505,user_000906,item_00142,79,2025-06-11,delivered,빠른 복구를 위해 기부합니다.,2025-06-11,2025-06-17
DON000506,user_000719,item_00020,68,2025-05-26,confirmed,빠른 복구를 위해 기부합니다.,2025-05-26,2025-05-27
DON000507,user_000199,item_00026,84,2025-08-14,pending,빠른 복구를 위해 기부합니다.,2025-08-14,2025-08-21
DON000508,user_000517,item_00103,76,2025-08-15,pending,조금이나마 도움이 되었으면 좋겠습니다.,2025-08-15,2025-08-19
DON000509,user_000330,item_00005,97,2025-07-24,cancelled,피해자분들께 힘이 되길 바랍니다.,2025-07-24,2025-07-31
DON000510,user_000692,item_00019,61,2025-07-02,confirmed,재난 피해자들에게 도움이 되길 바랍니다.,2025-07-02,2025-07-06
DON000511,user_000564,item_00172,75,2025-07-22,pending,빠른 복구를 위해 기부합니다.,2025-07-22,2025-07-23
DON000512,user_000496,item_00045,94,2025-03-09,delivered,재난 피해자들에게 도움이 되길 바랍니다.,2025-03-09,2025-03-12
DON000513,user_000427,item_00173,44,2025-06-16,delivered,피해자분들께 힘이 되길 바랍니다.,2025-06-16,2025-06-22
DON000514,user_000156,item_00193,35,2025-07-23,pending,재난 극복을 위해 함께하겠습니다.,2025-07-23,2025-07-28
DON000515,user_000266,item_00175,1,2025-04-19,confirmed,빠른 복구를 위해 기부합니다.,2025-04-19,2025-04-20
DON000516,user_000881,item_00018,25,2025-03-21,confirmed,재난 극복을 위해 함께하겠습니다.,2025-03-21,2025-03-24
DON000517,user_000981,item_00168,22,2025-05-21,delivered,재난 극복을 위해 함께하겠습니다.,2025-05-21,2025-05-22
DON000518,user_000132,item_00180,12,2025-08-21,cancelled,재난 극복을 위해 함께하겠습니다.,2025-08-21,2025-08-22
DON000519,user_000393,item_00095,60,2025-04-29,pending,빠른 복구를 위해 기부합니다.,2025-04-29,2025-05-05
DON000520,user_000646,item_00077,71,2025-07-20,pending,재난 피해자들에게 도움이 되길 바랍니다.,2025-07-20,2025-07-26
DON000521,user_000583,item_00115,23,2025-05-27,delivered,재난 극복을 위해 함께하겠습니다.,2025-05-27,2025-05-31
DON000522,user_000401,item_00019,21,2025-08-21,confirmed,빠른 복구를 위해 기부합니다.,2025-08-21,2025-08-26
DON000523,user_000639,item_00134,45,2025-04-06,cancelled,재난 극복을 위해 함께하겠습니다.,2025-04-06,2025-04-10
DON000524,user_000644,item_00154,88,2025-04-19,confirmed,조금이나마 도움이 되었으면 좋겠습니다.,2025-04-19,2025-04-22
DON000525,user_000237,item_00149,8,2025-03-12,confirmed,피해자분들께 힘이 되길 바랍니다.,2025-03-12,2025-03-18
DON000526,user_000052,item_00033,35,2025-03-20,cancelled,빠른 복구를 위해 기부합니다.,2025-03-20,2025-03-22
DON000527,user_000845,item_00031,11,2025-06-23,cancelled,빠른 복구를 위해 기부합니다.,2025-06-23,2025-06-30
DON000528,user_000677,item_00183,99,2025-08-21,cancelled,재난 극복을 위해 함께하겠습니다.,2025-08-21,2025-08-23
DON000529,user_000828,item_00160,72,2025-05-09,pending,빠른 복구를 위해 기부합니다.,2025-05-09,2025-05-09
DON000530,user_000684,item_00148,57,2025-06-15,delivered,재난 피해자들에게 도움이 되길 바랍니다.,2025-06-15,2025-06-19
DON000531,user_000759,item_00032,71,2025-05-09,confirmed,조금이나마 도움이 되었으면 좋겠습니다.,2025-05-09,2025-05-10
DON000532,user_000082,item_00149,79,2025-03-13,pending,조금이나마 도움이 되었으면 좋겠습니다.,2025-03-13,2025-03-19
DON000533,user_000772,item_00199,54,2025-07-28,confirmed,피해자분들께 힘이 되길 바랍니다.,2025-07-28,2025-07-28
DON000534,user_000716,item_00046,56,2025-09-06,cancelled,재난 피해자들에게 도움이 되길 바랍니다.,2025-09-06,2025-09-06
DON000535,user_000699,item_00141,64,2025-06-29,cancelled,조금이나마 도움이 되었으면 좋겠습니다.,2025-06-29,2025-07-01
DON000536,user_000891,item_00002,29,2025-03-09,cancelled,조금이나마 도움이 되었으면 좋겠습니다.,2025-03-09,2025-03-10
DON000537,user_000898,item_00009,63,2025-07-14,pending,빠른 복구를 위해 기부합니다.,2025-07-14,2025-07-21
DON000538,user_000270,item_00059,18,2025-03-22,cancelled,재난 극복을 위해 함께하겠습니다.,2025-03-22,2025-03-25
DON000539,user_000662,item_00027,7,2025-07-07,confirmed,재난 극복을 위해 함께하겠습니다.,2025-07-07,2025-07-11
DON000540,user_000902,item_00160,3,2025-04-08,confirmed,빠른 복구를 위해 기부합니다.,2025-04-08,2025-04-10
DON000541,user_000751,item_00036,69,2025-03-14,confirmed,피해자분들께 힘이 되길 바랍니다.,2025-03-14,2025-03-15
DON000542,user_000872,item_00059,54,2025-03-21,cancelled,재난 피해자들에게 도움이 되길 바랍니다.,2025-03-21,2025-03-28
DON000543,user_000372,item_00149,7,2025-07-30,confirmed,조금이나마 도움이 되었으면 좋겠습니다.,2025-07-30,2025-08-04
DON000544,user_000258,item_00150,5,2025-03-22,delivered,재난 극복을 위해 함께하겠습니다.,2025-03-22,2025-03-28
DON000545,user_000436,item_00167,15,2025-03-25,delivered,재난 극복을 위해 함께하겠습니다.,2025-03-25,2025-04-01
DON000546,user_000243,item_00151,19,2025-05-25,delivered,빠른 복구를 위해 기부합니다.,2025-05-25,2025-05-26
DON000547,user_000230,item_00037,88,2025-07-02,cancelled,피해자분들께 힘이 되길 바랍니다.,2025-07-02,2025-07-02
DON000548,user_000667,item_00192,50,2025-05-12,confirmed,피해자분들께 힘이 되길 바랍니다.,2025-05-12,2025-05-18
DON000549,user_000586,item_00183,28,2025-05-08,cancelled,피해자분들께 힘이 되길 바랍니다.,2025-05-08,2025-05-10
DON000550,user_000440,item_00086,51,2025-05-29,confirmed,재난 극복을 위해 함께하겠습니다.,2025-05-29,2025-06-02
DON000551,user_000478,item_00107,44,2025-05-02,delivered,재난 극복을 위해 함께하겠습니다.,2025-05-02,2025-05-09
DON000552,user_000776,item_00186,74,2025-04-22,delivered,피해자분들께 힘이 되길 바랍니다.,2025-04-22,2025-04-26
DON000553,user_000078,item_00109,86,2025-03-22,confirmed,조금이나마 도움이 되었으면 좋겠습니다.,2025-03-22,2025-03-24
DON000554,user_000369,item_00161,23,2025-03-11,confirmed,재난 피해자들에게 도움이 되길 바랍니다.,2025-03-11,2025-03-11
DON000555,user_000101,item_00176,67,2025-07-31,pending,재난 피해자들에게 도움이 되길 바랍니다.,2025-07-31,2025-08-07
DON000556,user_000429,item_00042,43,2025-05-19,cancelled,피해자분들께 힘이 되길 바랍니다.,2025-05-19,2025-05-20
DON000557,user_000010,item_00198,28,2025-05-19,pending,빠른 복구를 위해 기부합니다.,2025-05-19,2025-05-25
DON000558,user_000010,item_00122,65,2025-04-12,confirmed,재난 극복을 위해 함께하겠습니다.,2025-04-12,2025-04-14
DON000559,user_000955,item_00190,84,2025-04-07,delivered,조금이나마 도움이 되었으면 좋겠습니다.,2025-04-07,2025-04-10
DON000560,user_000915,item_00106,56,2025-07-29,delivered,재난 극복을 위해 함께하겠습니다.,2025-07-29,2025-07-30
DON000561,user_000076,item_00038,37,2025-05-22,confirmed,재난 극복을 위해 함께하겠습니다.,2025-05-22,2025-05-24
DON000562,user_000618,item_00077,50,2025-04-27,cancelled,피해자분들께 힘이 되길 바랍니다.,2025-04-27,2025-05-01
DON000563,user_000513,item_00004,23,2025-03-11,cancelled,피해자분들께 힘이 되길 바랍니다.,2025-03-11,2025-03-12
DON000564,user_000685,item_00037,40,2025-04-22,pending,조금이나마 도움이 되었으면 좋겠습니다.,2025-04-22,2025-04-24
DON000565,user_000661,item_00137,53,2025-04-17,delivered,재난 극복을 위해 함께하겠습니다.,2025-04-17,2025-04-22
DON000566,user_000606,item_00176,60,2025-04-14,confirmed,빠른 복구를 위해 기부합니다.,2025-04-14,2025-04-16
DON000567,user_000412,item_00012,31,2025-08-12,delivered,재난 극복을 위해 함께하겠습니다.,2025-08-12,2025-08-17
DON000568,user_000956,item_00053,16,2025-06-03,cancelled,재난 극복을 위해 함께하겠습니다.,2025-06-03,2025-06-03
DON000569,user_000851,item_00134,14,2025-07-22,pending,빠른 복구를 위해 기부합니다.,2025-07-22,2025-07-24
DON000570,user_000474,item_00033,1,2025-07-13,cancelled,재난 극복을 위해 함께하겠습니다.,2025-07-13,2025-07-18
DON000571,user_000758,item_00152,27,2025-05-12,pending,재난 극복을 위해 함께하겠습니다.,2025-05-12,2025-05-17
DON000572,user_000156,item_00178,27,2025-03-24,confirmed,빠른 복구를 위해 기부합니다.,2025-03-24,2025-03-28
DON000573,user_000366,item_00130,38,2025-08-27,cancelled,빠른 복구를 위해 기부합니다.,2025-08-27,2025-08-31
DON000574,user_000623,item_00044,50,2025-05-15,confirmed,재난 극복을 위해 함께하겠습니다.,2025-05-15,2025-05-16
DON000575,user_000505,item_00018,47,2025-09-01,delivered,재난 피해자들에게 도움이 되길 바랍니다.,2025-09-01,2025-09-01
DON000576,user_000738,item_00190,48,2025-04-20,delivered,조금이나마 도움이 되었으면 좋겠습니다.,2025-04-20,2025-04-22
DON000577,user_000280,item_00101,27,2025-05-28,confirmed,빠른 복구를 위해 기부합니다.,2025-05-28,2025-06-01
DON000578,user_000483,item_00182,71,2025-07-11,confirmed,조금이나마 도움이 되었으면 좋겠습니다.,2025-07-11,2025-07-14
DON000579,user_000676,item_00143,11,2025-04-13,delivered,피해자분들께 힘이 되길 바랍니다.,2025-04-13,2025-04-13
DON000580,user_000651,item_00014,41,2025-07-09,pending,조금이나마 도움이 되었으면 좋겠습니다.,2025-07-09,2025-07-13
DON000581,user_000178,item_00197,57,2025-09-04,delivered,빠른 복구를 위해 기부합니다.,2025-09-04,2025-09-07
DON000582,user_000769,item_00039,47,2025-04-12,cancelled,피해자분들께 힘이 되길 바랍니다.,2025-04-12,2025-04-13
DON000583,user_000478,item_00041,58,2025-08-11,cancelled,재난 피해자들에게 도움이 되길 바랍니다.,2025-08-11,2025-08-18
DON000584,user_000930,item_00094,95,2025-07-05,confirmed,조금이나마 도움이 되었으면 좋겠습니다.,2025-07-05,2025-07-05
DON000585,user_000350,item_00081,29,2025-03-16,delivered,빠른 복구를 위해 기부합니다.,2025-03-16,2025-03-20
DON000586,user_000140,item_00150,35,2025-07-07,cancelled,조금이나마 도움이 되었으면 좋겠습니다.,2025-07-07,2025-07-13
DON000587,user_000823,item_00166,29,2025-08-27,confirmed,재난 극복을 위해 함께하겠습니다.,2025-08-27,2025-09-01
DON000588,user_000311,item_00162,46,2025-03-22,confirmed,빠른 복구를 위해 기부합니다.,2025-03-22,2025-03-25
DON000589,user_000697,item_00143,28,2025-04-24,delivered,재난 극복을 위해 함께하겠습니다.,2025-04-24,2025-04-30
DON000590,user_000838,item_00060,49,2025-07-16,pending,재난 피해자들에게 도움이 되길 바랍니다.,2025-07-16,2025-07-16
DON000591,user_000857,item_00062,78,2025-08-13,cancelled,재난 피해자들에게 도움이 되길 바랍니다.,2025-08-13,2025-08-17
DON000592,user_000821,item_00178,61,2025-06-28,delivered,재난 극복을 위해 함께하겠습니다.,2025-06-28,2025-06-30
DON000593,user_000522,item_00103,1,2025-06-20,confirmed,재난 피해자들에게 도움이 되길 바랍니다.,2025-06-20,2025-06-24
DON000594,user_000639,item_00043,53,2025-05-10,pending,재난 피해자들에게 도움이 되길 바랍니다.,2025-05-10,2025-05-10
DON000595,user_000007,item_00200,54,2025-07-24,confirmed,재난 극복을 위해 함께하겠습니다.,2025-07-24,2025-07-29
DON000596,user_000001,item_00052,70,2025-04-13,delivered,피해자분들께 힘이 되길 바랍니다.,2025-04-13,2025-04-20
DON000597,user_000708,item_00105,19,2025-04-06,pending,빠른 복구를 위해 기부합니다.,2025-04-06,2025-04-08
DON000598,user_000369,item_00185,14,2025-05-24,pending,재난 피해자들에게 도움이 되길 바랍니다.,2025-05-24,2025-05-29
DON000599,user_000425,item_00102,36,2025-08-08,cancelled,피해자분들께 힘이 되길 바랍니다.,2025-08-08,2025-08-08
DON000600,user_000109,item_00036,93,2025-07-22,confirmed,피해자분들께 힘이 되길 바랍니다.,2025-07-22,2025-07-29
DON000601,user_000262,item_00124,96,2025-04-17,delivered,조금이나마 도움이 되었으면 좋겠습니다.,2025-04-17,2025-04-20
DON000602,user_000360,item_00016,51,2025-04-09,pending,조금이나마 도움이 되었으면 좋겠습니다.,2025-04-09,2025-04-09
DON000603,user_000744,item_00133,74,2025-07-30,pending,재난 피해자들에게 도움이 되길 바랍니다.,2025-07-30,2025-07-31
DON000604,user_000569,item_00148,97,2025-07-17,delivered,재난 피해자들에게 도움이 되길 바랍니다.,2025-07-17,2025-07-17
DON000605,user_000762,item_00147,97,2025-05-04,cancelled,빠른 복구를 위해 기부합니다.,2025-05-04,2025-05-08
DON000606,user_000337,item_00093,41,2025-03-13,cancelled,재난 피해자들에게 도움이 되길 바랍니다.,2025-03-13,2025-03-20
DON000607,user_000906,item_00071,19,2025-09-06,delivered,빠른 복구를 위해 기부합니다.,2025-09-06,2025-09-08
DON000608,user_000573,item_00104,32,2025-04-26,pending,재난 피해자들에게 도움이 되길 바랍니다.,2025-04-26,2025-04-27
DON000609,user_000117,item_00092,16,2025-04-02,cancelled,조금이나마 도움이 되었으면 좋겠습니다.,2025-04-02,2025-04-05
DON000610,user_000865,item_00169,85,2025-07-27,pending,조금이나마 도움이 되었으면 좋겠습니다.,2025-07-27,2025-07-29
DON000611,user_000854,item_00086,92,2025-06-22,pending,조금이나마 도움이 되었으면 좋겠습니다.,2025-06-22,2025-06-26
DON000612,user_000423,item_00038,35,2025-07-13,cancelled,조금이나마 도움이 되었으면 좋겠습니다.,2025-07-13,2025-07-18
DON000613,user_000645,item_00183,70,2025-08-16,pending,조금이나마 도움이 되었으면 좋겠습니다.,2025-08-16,2025-08-20
DON000614,user_000722,item_00183,48,2025-04-01,confirmed,조금이나마 도움이 되었으면 좋겠습니다.,2025-04-01,2025-04-05
DON000615,user_000086,item_00011,83,2025-08-16,cancelled,재난 피해자들에게 도움이 되길 바랍니다.,2025-08-16,2025-08-22
DON000616,user_000570,item_00019,1,2025-05-11,confirmed,재난 피해자들에게 도움이 되길 바랍니다.,2025-05-11,2025-05-15
DON000617,user_000426,item_00106,85,2025-07-01,pending,재난 피해자들에게 도움이 되길 바랍니다.,2025-07-01,2025-07-01
DON000618,user_000107,item_00084,79,2025-07-25,confirmed,빠른 복구를 위해 기부합니다.,2025-07-25,2025-07-31
DON000619,user_000362,item_00111,85,2025-06-26,confirmed,피해자분들께 힘이 되길 바랍니다.,2025-06-26,2025-06-28
DON000620,user_000962,item_00140,72,2025-06-22,pending,재난 극복을 위해 함께하겠습니다.,2025-06-22,2025-06-23
DON000621,user_000415,item_00082,3,2025-05-30,cancelled,빠른 복구를 위해 기부합니다.,2025-05-30,2025-06-06
DON000622,user_000831,item_00161,69,2025-09-04,delivered,재난 극복을 위해 함께하겠습니다.,2025-09-04,2025-09-04
DON000623,user_000115,item_00128,25,2025-05-24,pending,조금이나마 도움이 되었으면 좋겠습니다.,2025-05-24,2025-05-31
DON000624,user_000129,item_00092,67,2025-08-06,delivered,피해자분들께 힘이 되길 바랍니다.,2025-08-06,2025-08-07
DON000625,user_000267,item_00018,69,2025-05-25,cancelled,재난 극복을 위해 함께하겠습니다.,2025-05-25,2025-05-25
DON000626,user_000483,item_00041,37,2025-07-14,cancelled,피해자분들께 힘이 되길 바랍니다.,2025-07-14,2025-07-15
DON000627,user_000672,item_00188,35,2025-03-30,pending,빠른 복구를 위해 기부합니다.,2025-03-30,2025-03-31
DON000628,user_000786,item_00004,58,2025-07-18,confirmed,피해자분들께 힘이 되길 바랍니다.,2025-07-18,2025-07-18
DON000629,user_000567,item_00105,85,2025-08-09,pending,재난 극복을 위해 함께하겠습니다.,2025-08-09,2025-08-11
DON000630,user_000673,item_00157,88,2025-04-05,delivered,빠른 복구를 위해 기부합니다.,2025-04-05,2025-04-08
DON000631,user_000562,item_00141,83,2025-06-13,pending,피해자분들께 힘이 되길 바랍니다.,2025-06-13,2025-06-15
DON000632,user_000905,item_00105,6,2025-05-17,delivered,재난 피해자들에게 도움이 되길 바랍니다.,2025-05-17,2025-05-22
DON000633,user_000989,item_00177,31,2025-05-12,pending,재난 피해자들에게 도움이 되길 바랍니다.,2025-05-12,2025-05-16
DON000634,user_000912,item_00068,1,2025-04-09,delivered,피해자분들께 힘이 되길 바랍니다.,2025-04-09,2025-04-11
DON000635,user_000769,item_00130,67,2025-05-25,cancelled,피해자분들께 힘이 되길 바랍니다.,2025-05-25,2025-05-29
DON000636,user_000761,item_00002,76,2025-06-21,confirmed,피해자분들께 힘이 되길 바랍니다.,2025-06-21,2025-06-26
DON000637,user_000742,item_00035,31,2025-08-20,pending,피해자분들께 힘이 되길 바랍니다.,2025-08-20,2025-08-23
DON000638,user_000349,item_00147,80,2025-03-30,pending,빠른 복구를 위해 기부합니다.,2025-03-30,2025-03-30
DON000639,user_000932,item_00177,1,2025-03-13,pending,조금이나마 도움이 되었으면 좋겠습니다.,2025-03-13,2025-03-19
DON000640,user_000046,item_00093,8,2025-06-09,pending,빠른 복구를 위해 기부합니다.,2025-06-09,2025-06-14
DON000641,user_000210,item_00006,94,2025-08-13,pending,피해자분들께 힘이 되길 바랍니다.,2025-08-13,2025-08-17
DON000642,user_000195,item_00035,78,2025-06-14,delivered,조금이나마 도움이 되었으면 좋겠습니다.,2025-06-14,2025-06-17
DON000643,user_000671,item_00130,83,2025-05-06,cancelled,조금이나마 도움이 되었으면 좋겠습니다.,2025-05-06,2025-05-06
DON000644,user_000077,item_00076,21,2025-06-20,pending,재난 극복을 위해 함께하겠습니다.,2025-06-20,2025-06-26
DON000645,user_000486,item_00066,7,2025-03-23,pending,재난 피해자들에게 도움이 되길 바랍니다.,2025-03-23,2025-03-27
DON000646,user_000991,item_00045,88,2025-06-16,delivered,재난 극복을 위해 함께하겠습니다.,2025-06-16,2025-06-18
DON000647,user_000486,item_00195,64,2025-04-26,cancelled,조금이나마 도움이 되었으면 좋겠습니다.,2025-04-26,2025-05-02
DON000648,user_000546,item_00167,35,2025-03-13,delivered,피해자분들께 힘이 되길 바랍니다.,2025-03-13,2025-03-18
DON000649,user_000822,item_00106,45,2025-04-10,pending,피해자분들께 힘이 되길 바랍니다.,2025-04-10,2025-04-11
DON000650,user_000615,item_00009,31,2025-08-05,pending,재난 피해자들에게 도움이 되길 바랍니다.,2025-08-05,2025-08-06
DON000651,user_000599,item_00103,4,2025-08-09,cancelled,빠른 복구를 위해 기부합니다.,2025-08-09,2025-08-15
DON000652,user_000705,item_00149,74,2025-07-26,delivered,조금이나마 도움이 되었으면 좋겠습니다.,2025-07-26,2025-07-30
DON000653,user_000494,item_00113,19,2025-07-22,confirmed,조금이나마 도움이 되었으면 좋겠습니다.,2025-07-22,2025-07-29
DON000654,user_000805,item_00036,62,2025-05-10,delivered,조금이나마 도움이 되었으면 좋겠습니다.,2025-05-10,2025-05-11
DON000655,user_000048,item_00125,56,2025-04-19,cancelled,피해자분들께 힘이 되길 바랍니다.,2025-04-19,2025-04-21
DON000656,user_000840,item_00048,11,2025-06-10,confirmed,피해자분들께 힘이 되길 바랍니다.,2025-06-10,2025-06-11
DON000657,user_000238,item_00037,95,2025-05-09,pending,빠른 복구를 위해 기부합니다.,2025-05-09,2025-05-12
DON000658,user_000937,item_00036,39,2025-05-12,cancelled,재난 극복을 위해 함께하겠습니다.,2025-05-12,2025-05-13
DON000659,user_000968,item_00083,53,2025-05-07,confirmed,피해자분들께 힘이 되길 바랍니다.,2025-05-07,2025-05-14
DON000660,user_000055,item_00159,6,2025-03-13,confirmed,재난 피해자들에게 도움이 되길 바랍니다.,2025-03-13,2025-03-18
DON000661,user_000241,item_00080,68,2025-03-28,confirmed,재난 피해자들에게 도움이 되길 바랍니다.,2025-03-28,2025-03-29
DON000662,user_000373,item_00108,29,2025-06-17,cancelled,조금이나마 도움이 되었으면 좋겠습니다.,2025-06-17,2025-06-19
DON000663,user_000566,item_00162,30,2025-08-13,cancelled,재난 극복을 위해 함께하겠습니다.,2025-08-13,2025-08-20
DON000664,user_000364,item_00040,42,2025-05-02,cancelled,빠른 복구를 위해 기부합니다.,2025-05-02,2025-05-05
DON000665,user_000113,item_00150,93,2025-07-09,confirmed,빠른 복구를 위해 기부합니다.,2025-07-09,2025-07-14
DON000666,user_000193,item_00034,23,2025-08-19,pending,재난 피해자들에게 도움이 되길 바랍니다.,2025-08-19,2025-08-19
DON000667,user_000566,item_00198,55,2025-09-07,confirmed,재난 극복을 위해 함께하겠습니다.,2025-09-07,2025-09-13
DON000668,user_000064,item_00172,90,2025-05-09,pending,피해자분들께 힘이 되길 바랍니다.,2025-05-09,2025-05-09
DON000669,user_000336,item_00153,23,2025-03-24,cancelled,재난 극복을 위해 함께하겠습니다.,2025-03-24,2025-03-29
DON000670,user_000379,item_00101,9,2025-05-01,confirmed,빠른 복구를 위해 기부합니다.,2025-05-01,2025-05-01
DON000671,user_000267,item_00116,21,2025-05-04,pending,조금이나마 도움이 되었으면 좋겠습니다.,2025-05-04,2025-05-05
DON000672,user_000462,item_00116,33,2025-03-10,confirmed,재난 극복을 위해 함께하겠습니다.,2025-03-10,2025-03-10
DON000673,user_000661,item_00121,16,2025-04-15,confirmed,피해자분들께 힘이 되길 바랍니다.,2025-04-15,2025-04-21
DON000674,user_000366,item_00132,53,2025-07-04,cancelled,재난 피해자들에게 도움이 되길 바랍니다.,2025-07-04,2025-07-11
DON000675,user_000921,item_00033,96,2025-03-14,pending,재난 극복을 위해 함께하겠습니다.,2025-03-14,2025-03-14
DON000676,user_000409,item_00172,21,2025-04-13,cancelled,피해자분들께 힘이 되길 바랍니다.,2025-04-13,2025-04-14
DON000677,user_000149,item_00178,14,2025-07-08,cancelled,조금이나마 도움이 되었으면 좋겠습니다.,2025-07-08,2025-07-11
DON000678,user_000964,item_00197,75,2025-03-09,pending,빠른 복구를 위해 기부합니다.,2025-03-09,2025-03-14
DON000679,user_000896,item_00171,20,2025-04-24,delivered,조금이나마 도움이 되었으면 좋겠습니다.,2025-04-24,2025-04-30
DON000680,user_000088,item_00057,13,2025-08-04,confirmed,재난 극복을 위해 함께하겠습니다.,2025-08-04,2025-08-04
DON000681,user_000776,item_00174,14,2025-08-02,cancelled,재난 피해자들에게 도움이 되길 바랍니다.,2025-08-02,2025-08-05
DON000682,user_000387,item_00188,2,2025-05-28,cancelled,빠른 복구를 위해 기부합니다.,2025-05-28,2025-05-29
DON000683,user_000905,item_00053,18,2025-04-27,pending,재난 피해자들에게 도움이 되길 바랍니다.,2025-04-27,2025-04-27
DON000684,user_000592,item_00112,35,2025-08-10,confirmed,조금이나마 도움이 되었으면 좋겠습니다.,2025-08-10,2025-08-17
DON000685,user_000777,item_00002,84,2025-05-10,cancelled,빠른 복구를 위해 기부합니다.,2025-05-10,2025-05-16
DON000686,user_000419,item_00070,90,2025-06-07,pending,빠른 복구를 위해 기부합니다.,2025-06-07,2025-06-07
DON000687,user_000384,item_00062,67,2025-05-02,delivered,재난 극복을 위해 함께하겠습니다.,2025-05-02,2025-05-09
DON000688,user_000794,item_00091,55,2025-08-01,delivered,재난 피해자들에게 도움이 되길 바랍니다.,2025-08-01,2025-08-08
DON000689,user_000750,item_00139,7,2025-05-24,delivered,조금이나마 도움이 되었으면 좋겠습니다.,2025-05-24,2025-05-31
DON000690,user_000377,item_00152,56,2025-06-29,pending,재난 피해자들에게 도움이 되길 바랍니다.,2025-06-29,2025-07-02
DON000691,user_000509,item_00080,2,2025-05-14,delivered,조금이나마 도움이 되었으면 좋겠습니다.,2025-05-14,2025-05-19
DON000692,user_000155,item_00092,94,2025-04-02,cancelled,피해자분들께 힘이 되길 바랍니다.,2025-04-02,2025-04-05
DON000693,user_000798,item_00129,7,2025-06-04,cancelled,재난 피해자들에게 도움이 되길 바랍니다.,2025-06-04,2025-06-06
DON000694,user_000740,item_00120,43,2025-04-22,cancelled,빠른 복구를 위해 기부합니다.,2025-04-22,2025-04-27
DON000695,user_000722,item_00005,9,2025-06-09,cancelled,피해자분들께 힘이 되길 바랍니다.,2025-06-09,2025-06-14
DON000696,user_000115,item_00042,28,2025-05-03,pending,빠른 복구를 위해 기부합니다.,2025-05-03,2025-05-07
DON000697,user_000399,item_00021,76,2025-04-25,confirmed,재난 피해자들에게 도움이 되길 바랍니다.,2025-04-25,2025-04-28
DON000698,user_000351,item_00134,62,2025-07-08,delivered,재난 피해자들에게 도움이 되길 바랍니다.,2025-07-08,2025-07-15
DON000699,user_000949,item_00106,66,2025-06-02,pending,조금이나마 도움이 되었으면 좋겠습니다.,2025-06-02,2025-06-07
DON000700,user_000344,item_00166,78,2025-05-21,delivered,재난 피해자들에게 도움이 되길 바랍니다.,2025-05-21,2025-05-25
DON000701,user_000911,item_00153,90,2025-05-26,confirmed,재난 피해자들에게 도움이 되길 바랍니다.,2025-05-26,2025-05-29
DON000702,user_000425,item_00001,9,2025-08-13,pending,빠른 복구를 위해 기부합니다.,2025-08-13,2025-08-14
DON000703,user_000951,item_00143,68,2025-04-20,delivered,빠른 복구를 위해 기부합니다.,2025-04-20,2025-04-27
DON000704,user_000993,item_00106,79,2025-05-19,cancelled,조금이나마 도움이 되었으면 좋겠습니다.,2025-05-19,2025-05-19
DON000705,user_000766,item_00127,56,2025-08-15,delivered,피해자분들께 힘이 되길 바랍니다.,2025-08-15,2025-08-21
DON000706,user_000742,item_00143,53,2025-06-21,cancelled,피해자분들께 힘이 되길 바랍니다.,2025-06-21,2025-06-23
DON000707,user_000241,item_00018,9,2025-04-19,cancelled,빠른 복구를 위해 기부합니다.,2025-04-19,2025-04-21
DON000708,user_000512,item_00069,24,2025-08-20,pending,빠른 복구를 위해 기부합니다.,2025-08-20,2025-08-21
DON000709,user_000490,item_00150,77,2025-05-18,delivered,피해자분들께 힘이 되길 바랍니다.,2025-05-18,2025-05-18
DON000710,user_000178,item_00169,44,2025-08-19,pending,재난 극복을 위해 함께하겠습니다.,2025-08-19,2025-08-22
DON000711,user_000299,item_00156,54,2025-04-03,pending,재난 피해자들에게 도움이 되길 바랍니다.,2025-04-03,2025-04-09
DON000712,user_000801,item_00066,3,2025-09-03,confirmed,빠른 복구를 위해 기부합니다.,2025-09-03,2025-09-10
DON000713,user_000726,item_00099,39,2025-08-13,cancelled,조금이나마 도움이 되었으면 좋겠습니다.,2025-08-13,2025-08-16
DON000714,user_000120,item_00194,62,2025-07-16,cancelled,빠른 복구를 위해 기부합니다.,2025-07-16,2025-07-23
DON000715,user_000148,item_00199,66,2025-08-29,confirmed,조금이나마 도움이 되었으면 좋겠습니다.,2025-08-29,2025-09-02
DON000716,user_000182,item_00035,80,2025-06-28,cancelled,재난 극복을 위해 함께하겠습니다.,2025-06-28,2025-06-28
DON000717,user_000804,item_00184,20,2025-05-13,delivered,빠른 복구를 위해 기부합니다.,2025-05-13,2025-05-18
DON000718,user_000887,item_00172,74,2025-08-12,delivered,재난 극복을 위해 함께하겠습니다.,2025-08-12,2025-08-18
DON000719,user_000154,item_00150,77,2025-06-17,pending,재난 피해자들에게 도움이 되길 바랍니다.,2025-06-17,2025-06-19
DON000720,user_000785,item_00063,65,2025-07-19,pending,조금이나마 도움이 되었으면 좋겠습니다.,2025-07-19,2025-07-23
DON000721,user_000669,item_00151,59,2025-08-04,pending,빠른 복구를 위해 기부합니다.,2025-08-04,2025-08-11
DON000722,user_000942,item_00138,93,2025-06-25,delivered,조금이나마 도움이 되었으면 좋겠습니다.,2025-06-25,2025-06-25
DON000723,user_000701,item_00012,84,2025-09-07,delivered,재난 극복을 위해 함께하겠습니다.,2025-09-07,2025-09-08
DON000724,user_000409,item_00168,12,2025-03-30,delivered,피해자분들께 힘이 되길 바랍니다.,2025-03-30,2025-04-02
DON000725,user_000734,item_00121,48,2025-07-22,pending,피해자분들께 힘이 되길 바랍니다.,2025-07-22,2025-07-23
DON000726,user_000373,item_00099,12,2025-04-29,cancelled,재난 피해자들에게 도움이 되길 바랍니다.,2025-04-29,2025-04-30
DON000727,user_000033,item_00120,47,2025-05-02,cancelled,재난 피해자들에게 도움이 되길 바랍니다.,2025-05-02,2025-05-04
DON000728,user_000746,item_00054,54,2025-06-09,confirmed,재난 피해자들에게 도움이 되길 바랍니다.,2025-06-09,2025-06-12
DON000729,user_000772,item_00117,96,2025-08-18,confirmed,피해자분들께 힘이 되길 바랍니다.,2025-08-18,2025-08-24
DON000730,user_000137,item_00069,50,2025-05-29,cancelled,피해자분들께 힘이 되길 바랍니다.,2025-05-29,2025-06-02
DON000731,user_000820,item_00175,84,2025-05-13,confirmed,재난 피해자들에게 도움이 되길 바랍니다.,2025-05-13,2025-05-13
DON000732,user_000389,item_00099,50,2025-04-20,delivered,피해자분들께 힘이 되길 바랍니다.,2025-04-20,2025-04-21
DON000733,user_000670,item_00181,88,2025-07-31,cancelled,재난 피해자들에게 도움이 되길 바랍니다.,2025-07-31,2025-08-05
DON000734,user_000788,item_00073,28,2025-03-18,pending,조금이나마 도움이 되었으면 좋겠습니다.,2025-03-18,2025-03-22
DON000735,user_000903,item_00141,93,2025-07-16,delivered,피해자분들께 힘이 되길 바랍니다.,2025-07-16,2025-07-18
DON000736,user_000020,item_00056,31,2025-04-20,pending,조금이나마 도움이 되었으면 좋겠습니다.,2025-04-20,2025-04-25
DON000737,user_000943,item_00053,8,2025-05-24,cancelled,피해자분들께 힘이 되길 바랍니다.,2025-05-24,2025-05-31
DON000738,user_000408,item_00071,72,2025-08-19,cancelled,재난 피해자들에게 도움이 되길 바랍니다.,2025-08-19,2025-08-22
DON000739,user_000564,item_00027,12,2025-05-02,delivered,재난 극복을 위해 함께하겠습니다.,2025-05-02,2025-05-09
DON000740,user_000445,item_00164,55,2025-06-09,delivered,재난 극복을 위해 함께하겠습니다.,2025-06-09,2025-06-12
DON000741,user_000860,item_00033,15,2025-04-06,pending,재난 극복을 위해 함께하겠습니다.,2025-04-06,2025-04-06
DON000742,user_000089,item_00168,84,2025-05-11,delivered,피해자분들께 힘이 되길 바랍니다.,2025-05-11,2025-05-18
DON000743,user_000141,item_00139,82,2025-08-13,delivered,빠른 복구를 위해 기부합니다.,2025-08-13,2025-08-13
DON000744,user_000885,item_00011,4,2025-06-05,cancelled,재난 피해자들에게 도움이 되길 바랍니다.,2025-06-05,2025-06-10
DON000745,user_000231,item_00194,40,2025-05-20,cancelled,재난 피해자들에게 도움이 되길 바랍니다.,2025-05-20,2025-05-22
DON000746,user_000120,item_00030,34,2025-09-02,confirmed,조금이나마 도움이 되었으면 좋겠습니다.,2025-09-02,2025-09-06
DON000747,user_000426,item_00037,8,2025-05-21,delivered,재난 극복을 위해 함께하겠습니다.,2025-05-21,2025-05-27
DON000748,user_000308,item_00174,8,2025-08-18,pending,재난 극복을 위해 함께하겠습니다.,2025-08-18,2025-08-24
DON000749,user_000484,item_00142,82,2025-07-21,cancelled,조금이나마 도움이 되었으면 좋겠습니다.,2025-07-21,2025-07-21
DON000750,user_000787,item_00073,37,2025-05-31,delivered,재난 피해자들에게 도움이 되길 바랍니다.,2025-05-31,2025-06-05
DON000751,user_000266,item_00160,42,2025-03-09,delivered,피해자분들께 힘이 되길 바랍니다.,2025-03-09,2025-03-10
DON000752,user_000860,item_00118,69,2025-06-17,confirmed,빠른 복구를 위해 기부합니다.,2025-06-17,2025-06-20
DON000753,user_000374,item_00016,100,2025-06-15,cancelled,재난 피해자들에게 도움이 되길 바랍니다.,2025-06-15,2025-06-21
DON000754,user_000023,item_00140,53,2025-06-11,pending,피해자분들께 힘이 되길 바랍니다.,2025-06-11,2025-06-17
DON000755,user_000254,item_00151,19,2025-03-16,confirmed,빠른 복구를 위해 기부합니다.,2025-03-16,2025-03-20
DON000756,user_000520,item_00089,53,2025-05-02,delivered,재난 극복을 위해 함께하겠습니다.,2025-05-02,2025-05-07
DON000757,user_000040,item_00099,26,2025-04-23,confirmed,조금이나마 도움이 되었으면 좋겠습니다.,2025-04-23,2025-04-26
DON000758,user_000535,item_00007,94,2025-08-04,delivered,조금이나마 도움이 되었으면 좋겠습니다.,2025-08-04,2025-08-05
DON000759,user_000596,item_00025,75,2025-03-30,pending,빠른 복구를 위해 기부합니다.,2025-03-30,2025-04-04
DON000760,user_000016,item_00200,82,2025-03-14,delivered,조금이나마 도움이 되었으면 좋겠습니다.,2025-03-14,2025-03-14
DON000761,user_000042,item_00016,98,2025-04-30,delivered,피해자분들께 힘이 되길 바랍니다.,2025-04-30,2025-05-04
DON000762,user_000749,item_00002,93,2025-06-26,confirmed,재난 극복을 위해 함께하겠습니다.,2025-06-26,2025-06-30
DON000763,user_000976,item_00139,81,2025-04-11,cancelled,재난 극복을 위해 함께하겠습니다.,2025-04-11,2025-04-17
DON000764,user_000352,item_00115,55,2025-08-15,confirmed,피해자분들께 힘이 되길 바랍니다.,2025-08-15,2025-08-17
DON000765,user_000734,item_00072,33,2025-04-27,confirmed,피해자분들께 힘이 되길 바랍니다.,2025-04-27,2025-04-30
DON000766,user_000934,item_00062,54,2025-09-05,delivered,재난 극복을 위해 함께하겠습니다.,2025-09-05,2025-09-12
DON000767,user_000093,item_00016,68,2025-08-28,pending,재난 극복을 위해 함께하겠습니다.,2025-08-28,2025-09-03
DON000768,user_000611,item_00032,95,2025-09-01,confirmed,재난 피해자들에게 도움이 되길 바랍니다.,2025-09-01,2025-09-01
DON000769,user_000414,item_00044,27,2025-06-16,pending,재난 극복을 위해 함께하겠습니다.,2025-06-16,2025-06-23
DON000770,user_000424,item_00200,94,2025-03-27,confirmed,피해자분들께 힘이 되길 바랍니다.,2025-03-27,2025-04-03
DON000771,user_000011,item_00065,28,2025-05-27,confirmed,피해자분들께 힘이 되길 바랍니다.,2025-05-27,2025-05-27
DON000772,user_000177,item_00036,45,2025-03-17,confirmed,재난 피해자들에게 도움이 되길 바랍니다.,2025-03-17,2025-03-21
DON000773,user_000726,item_00135,79,2025-07-13,cancelled,조금이나마 도움이 되었으면 좋겠습니다.,2025-07-13,2025-07-19
DON000774,user_000756,item_00153,57,2025-06-28,confirmed,조금이나마 도움이 되었으면 좋겠습니다.,2025-06-28,2025-07-01
DON000775,user_000735,item_00015,81,2025-07-21,cancelled,피해자분들께 힘이 되길 바랍니다.,2025-07-21,2025-07-26
DON000776,user_000822,item_00040,19,2025-07-09,cancelled,재난 피해자들에게 도움이 되길 바랍니다.,2025-07-09,2025-07-15
DON000777,user_000224,item_00160,63,2025-04-11,delivered,조금이나마 도움이 되었으면 좋겠습니다.,2025-04-11,2025-04-16
DON000778,user_000482,item_00142,69,2025-05-18,cancelled,빠른 복구를 위해 기부합니다.,2025-05-18,2025-05-21
DON000779,user_000028,item_00077,4,2025-03-15,confirmed,재난 극복을 위해 함께하겠습니다.,2025-03-15,2025-03-20
DON000780,user_000035,item_00163,25,2025-06-03,confirmed,빠른 복구를 위해 기부합니다.,2025-06-03,2025-06-04
DON000781,user_000953,item_00141,87,2025-05-31,pending,재난 피해자들에게 도움이 되길 바랍니다.,2025-05-31,2025-05-31
DON000782,user_000876,item_00042,86,2025-03-23,confirmed,재난 피해자들에게 도움이 되길 바랍니다.,2025-03-23,2025-03-29
DON000783,user_000459,item_00138,55,2025-03-25,pending,빠른 복구를 위해 기부합니다.,2025-03-25,2025-03-26
DON000784,user_000153,item_00111,85,2025-07-31,confirmed,재난 피해자들에게 도움이 되길 바랍니다.,2025-07-31,2025-08-03
DON000785,user_000739,item_00017,99,2025-03-27,delivered,피해자분들께 힘이 되길 바랍니다.,2025-03-27,2025-03-31
DON000786,user_000726,item_00010,34,2025-05-22,confirmed,피해자분들께 힘이 되길 바랍니다.,2025-05-22,2025-05-26
DON000787,user_000906,item_00172,30,2025-05-01,confirmed,피해자분들께 힘이 되길 바랍니다.,2025-05-01,2025-05-08
DON000788,user_000564,item_00140,16,2025-09-04,confirmed,피해자분들께 힘이 되길 바랍니다.,2025-09-04,2025-09-10
DON000789,user_000283,item_00016,8,2025-07-20,pending,빠른 복구를 위해 기부합니다.,2025-07-20,2025-07-24
DON000790,user_000574,item_00181,63,2025-07-26,confirmed,조금이나마 도움이 되었으면 좋겠습니다.,2025-07-26,2025-07-26
DON000791,user_000922,item_00051,80,2025-07-21,cancelled,조금이나마 도움이 되었으면 좋겠습니다.,2025-07-21,2025-07-23
DON000792,user_000125,item_00112,92,2025-07-10,cancelled,빠른 복구를 위해 기부합니다.,2025-07-10,2025-07-13
DON000793,user_000807,item_00017,41,2025-06-04,cancelled,빠른 복구를 위해 기부합니다.,2025-06-04,2025-06-10
DON000794,user_000758,item_00070,64,2025-07-28,pending,재난 피해자들에게 도움이 되길 바랍니다.,2025-07-28,2025-07-31
DON000795,user_000660,item_00182,52,2025-04-25,pending,피해자분들께 힘이 되길 바랍니다.,2025-04-25,2025-04-29
DON000796,user_000696,item_00155,16,2025-03-31,pending,빠른 복구를 위해 기부합니다.,2025-03-31,2025-04-01
DON000797,user_000140,item_00079,64,2025-04-17,cancelled,피해자분들께 힘이 되길 바랍니다.,2025-04-17,2025-04-19
DON000798,user_000890,item_00200,30,2025-07-26,cancelled,재난 극복을 위해 함께하겠습니다.,2025-07-26,2025-08-01
DON000799,user_000805,item_00148,63,2025-04-04,confirmed,재난 피해자들에게 도움이 되길 바랍니다.,2025-04-04,2025-04-10
DON000800,user_000566,item_00018,7,2025-07-14,confirmed,재난 극복을 위해 함께하겠습니다.,2025-07-14,2025-07-20
DON000801,user_000671,item_00003,5,2025-06-10,cancelled,조금이나마 도움이 되었으면 좋겠습니다.,2025-06-10,2025-06-14
DON000802,user_000117,item_00032,20,2025-07-10,pending,조금이나마 도움이 되었으면 좋겠습니다.,2025-07-10,2025-07-12
DON000803,user_000172,item_00115,22,2025-07-31,pending,빠른 복구를 위해 기부합니다.,2025-07-31,2025-08-06
DON000804,user_000455,item_00101,9,2025-09-01,pending,재난 피해자들에게 도움이 되길 바랍니다.,2025-09-01,2025-09-03
DON000805,user_000369,item_00107,5,2025-08-28,delivered,조금이나마 도움이 되었으면 좋겠습니다.,2025-08-28,2025-08-31
DON000806,user_000209,item_00157,7,2025-05-23,confirmed,재난 극복을 위해 함께하겠습니다.,2025-05-23,2025-05-23
DON000807,user_000345,item_00199,51,2025-05-03,pending,피해자분들께 힘이 되길 바랍니다.,2025-05-03,2025-05-03
DON000808,user_000209,item_00006,43,2025-06-14,cancelled,빠른 복구를 위해 기부합니다.,2025-06-14,2025-06-17
DON000809,user_000038,item_00126,70,2025-07-23,confirmed,재난 피해자들에게 도움이 되길 바랍니다.,2025-07-23,2025-07-27
DON000810,user_000012,item_00097,48,2025-04-08,pending,조금이나마 도움이 되었으면 좋겠습니다.,2025-04-08,2025-04-10
DON000811,user_000915,item_00144,94,2025-04-04,pending,조금이나마 도움이 되었으면 좋겠습니다.,2025-04-04,2025-04-09
DON000812,user_000928,item_00067,16,2025-03-24,cancelled,조금이나마 도움이 되었으면 좋겠습니다.,2025-03-24,2025-03-30
DON000813,user_000513,item_00189,34,2025-04-24,confirmed,빠른 복구를 위해 기부합니다.,2025-04-24,2025-04-29
DON000814,user_000633,item_00087,99,2025-06-04,confirmed,조금이나마 도움이 되었으면 좋겠습니다.,2025-06-04,2025-06-07
DON000815,user_000051,item_00160,69,2025-05-23,cancelled,피해자분들께 힘이 되길 바랍니다.,2025-05-23,2025-05-23
DON000816,user_000925,item_00041,86,2025-08-11,cancelled,재난 극복을 위해 함께하겠습니다.,2025-08-11,2025-08-18
DON000817,user_000008,item_00088,98,2025-06-22,cancelled,재난 피해자들에게 도움이 되길 바랍니다.,2025-06-22,2025-06-24
DON000818,user_000618,item_00061,75,2025-08-06,delivered,빠른 복구를 위해 기부합니다.,2025-08-06,2025-08-11
DON000819,user_000093,item_00168,27,2025-04-10,confirmed,재난 극복을 위해 함께하겠습니다.,2025-04-10,2025-04-12
DON000820,user_000453,item_00127,65,2025-08-31,delivered,피해자분들께 힘이 되길 바랍니다.,2025-08-31,2025-09-05
DON000821,user_000065,item_00158,57,2025-08-20,delivered,조금이나마 도움이 되었으면 좋겠습니다.,2025-08-20,2025-08-20
DON000822,user_000438,item_00005,85,2025-08-02,confirmed,빠른 복구를 위해 기부합니다.,2025-08-02,2025-08-03
DON000823,user_000416,item_00198,29,2025-04-04,delivered,조금이나마 도움이 되었으면 좋겠습니다.,2025-04-04,2025-04-05
DON000824,user_000297,item_00080,85,2025-06-28,cancelled,조금이나마 도움이 되었으면 좋겠습니다.,2025-06-28,2025-06-28
DON000825,user_000800,item_00113,68,2025-04-28,cancelled,피해자분들께 힘이 되길 바랍니다.,2025-04-28,2025-05-05
DON000826,user_000548,item_00005,28,2025-07-29,confirmed,조금이나마 도움이 되었으면 좋겠습니다.,2025-07-29,2025-08-05
DON000827,user_000536,item_00164,87,2025-08-30,confirmed,피해자분들께 힘이 되길 바랍니다.,2025-08-30,2025-09-02
DON000828,user_000258,item_00070,80,2025-07-06,pending,피해자분들께 힘이 되길 바랍니다.,2025-07-06,2025-07-09
DON000829,user_000687,item_00117,89,2025-06-24,confirmed,재난 극복을 위해 함께하겠습니다.,2025-06-24,2025-06-28
DON000830,user_000060,item_00041,25,2025-07-15,cancelled,재난 피해자들에게 도움이 되길 바랍니다.,2025-07-15,2025-07-17
DON000831,user_000586,item_00054,35,2025-03-11,cancelled,피해자분들께 힘이 되길 바랍니다.,2025-03-11,2025-03-15
DON000832,user_000070,item_00134,40,2025-09-07,pending,재난 극복을 위해 함께하겠습니다.,2025-09-07,2025-09-09
DON000833,user_000439,item_00064,82,2025-08-22,confirmed,조금이나마 도움이 되었으면 좋겠습니다.,2025-08-22,2025-08-27
DON000834,user_000061,item_00118,87,2025-08-31,pending,빠른 복구를 위해 기부합니다.,2025-08-31,2025-09-06
DON000835,user_000211,item_00130,64,2025-07-04,pending,조금이나마 도움이 되었으면 좋겠습니다.,2025-07-04,2025-07-09
DON000836,user_000050,item_00179,76,2025-06-03,cancelled,재난 극복을 위해 함께하겠습니다.,2025-06-03,2025-06-10
DON000837,user_000241,item_00183,59,2025-04-18,delivered,재난 극복을 위해 함께하겠습니다.,2025-04-18,2025-04-22
DON000838,user_000012,item_00045,39,2025-06-03,pending,피해자분들께 힘이 되길 바랍니다.,2025-06-03,2025-06-06
DON000839,user_000459,item_00173,32,2025-05-25,cancelled,빠른 복구를 위해 기부합니다.,2025-05-25,2025-05-29
DON000840,user_000296,item_00087,24,2025-06-14,delivered,재난 피해자들에게 도움이 되길 바랍니다.,2025-06-14,2025-06-18
DON000841,user_000667,item_00102,18,2025-08-10,delivered,재난 피해자들에게 도움이 되길 바랍니다.,2025-08-10,2025-08-11
DON000842,user_000755,item_00159,20,2025-05-18,delivered,피해자분들께 힘이 되길 바랍니다.,2025-05-18,2025-05-22
DON000843,user_000931,item_00153,21,2025-03-09,pending,빠른 복구를 위해 기부합니다.,2025-03-09,2025-03-15
DON000844,user_000029,item_00116,7,2025-04-25,cancelled,빠른 복구를 위해 기부합니다.,2025-04-25,2025-04-29
DON000845,user_000899,item_00103,84,2025-09-04,confirmed,빠른 복구를 위해 기부합니다.,2025-09-04,2025-09-05
DON000846,user_000688,item_00157,43,2025-07-26,cancelled,피해자분들께 힘이 되길 바랍니다.,2025-07-26,2025-07-30
DON000847,user_000287,item_00184,37,2025-05-24,cancelled,피해자분들께 힘이 되길 바랍니다.,2025-05-24,2025-05-31
DON000848,user_000957,item_00070,68,2025-08-23,cancelled,빠른 복구를 위해 기부합니다.,2025-08-23,2025-08-23
DON000849,user_000942,item_00041,1,2025-05-26,confirmed,조금이나마 도움이 되었으면 좋겠습니다.,2025-05-26,2025-05-30
DON000850,user_000069,item_00153,94,2025-06-24,delivered,조금이나마 도움이 되었으면 좋겠습니다.,2025-06-24,2025-06-25
DON000851,user_000267,item_00122,75,2025-04-28,delivered,빠른 복구를 위해 기부합니다.,2025-04-28,2025-04-30
DON000852,user_000821,item_00194,46,2025-08-18,delivered,빠른 복구를 위해 기부합니다.,2025-08-18,2025-08-24
DON000853,user_000963,item_00064,16,2025-08-20,confirmed,조금이나마 도움이 되었으면 좋겠습니다.,2025-08-20,2025-08-27
DON000854,user_000864,item_00078,82,2025-06-15,delivered,재난 극복을 위해 함께하겠습니다.,2025-06-15,2025-06-22
DON000855,user_000846,item_00081,51,2025-04-15,pending,조금이나마 도움이 되었으면 좋겠습니다.,2025-04-15,2025-04-21
DON000856,user_000133,item_00178,30,2025-03-14,delivered,피해자분들께 힘이 되길 바랍니다.,2025-03-14,2025-03-14
DON000857,user_000108,item_00132,43,2025-05-02,delivered,재난 피해자들에게 도움이 되길 바랍니다.,2025-05-02,2025-05-08
DON000858,user_000499,item_00003,46,2025-04-01,delivered,피해자분들께 힘이 되길 바랍니다.,2025-04-01,2025-04-04
DON000859,user_000489,item_00049,95,2025-04-20,delivered,피해자분들께 힘이 되길 바랍니다.,2025-04-20,2025-04-26
DON000860,user_000691,item_00020,15,2025-03-12,confirmed,피해자분들께 힘이 되길 바랍니다.,2025-03-12,2025-03-12
DON000861,user_000246,item_00178,45,2025-06-14,pending,조금이나마 도움이 되었으면 좋겠습니다.,2025-06-14,2025-06-21
DON000862,user_000388,item_00050,33,2025-03-29,delivered,조금이나마 도움이 되었으면 좋겠습니다.,2025-03-29,2025-04-02
DON000863,user_000704,item_00188,91,2025-06-21,confirmed,재난 극복을 위해 함께하겠습니다.,2025-06-21,2025-06-28
DON000864,user_000192,item_00065,32,2025-07-21,confirmed,피해자분들께 힘이 되길 바랍니다.,2025-07-21,2025-07-27
DON000865,user_000049,item_00136,68,2025-05-03,confirmed,피해자분들께 힘이 되길 바랍니다.,2025-05-03,2025-05-05
DON000866,user_000479,item_00184,67,2025-08-21,delivered,재난 극복을 위해 함께하겠습니다.,2025-08-21,2025-08-23
DON000867,user_000305,item_00136,27,2025-08-20,confirmed,재난 피해자들에게 도움이 되길 바랍니다.,2025-08-20,2025-08-26
DON000868,user_000599,item_00169,36,2025-04-27,delivered,빠른 복구를 위해 기부합니다.,2025-04-27,2025-05-04
DON000869,user_000323,item_00075,73,2025-06-16,delivered,재난 극복을 위해 함께하겠습니다.,2025-06-16,2025-06-20
DON000870,user_000427,item_00170,14,2025-03-19,delivered,재난 피해자들에게 도움이 되길 바랍니다.,2025-03-19,2025-03-20
DON000871,user_000159,item_00187,60,2025-07-28,confirmed,피해자분들께 힘이 되길 바랍니다.,2025-07-28,2025-08-01
DON000872,user_000265,item_00040,26,2025-03-15,cancelled,재난 피해자들에게 도움이 되길 바랍니다.,2025-03-15,2025-03-21
DON000873,user_000159,item_00078,70,2025-04-03,pending,재난 피해자들에게 도움이 되길 바랍니다.,2025-04-03,2025-04-10
DON000874,user_000440,item_00156,75,2025-04-02,pending,피해자분들께 힘이 되길 바랍니다.,2025-04-02,2025-04-02
DON000875,user_000178,item_00182,2,2025-06-02,cancelled,빠른 복구를 위해 기부합니다.,2025-06-02,2025-06-07
DON000876,user_000237,item_00169,65,2025-03-28,delivered,재난 극복을 위해 함께하겠습니다.,2025-03-28,2025-03-28
DON000877,user_000316,item_00064,25,2025-09-04,confirmed,재난 극복을 위해 함께하겠습니다.,2025-09-04,2025-09-06
DON000878,user_000120,item_00017,20,2025-05-03,cancelled,재난 극복을 위해 함께하겠습니다.,2025-05-03,2025-05-10
DON000879,user_000157,item_00021,97,2025-05-16,confirmed,빠른 복구를 위해 기부합니다.,2025-05-16,2025-05-20
DON000880,user_000649,item_00035,57,2025-06-05,delivered,재난 극복을 위해 함께하겠습니다.,2025-06-05,2025-06-05
DON000881,user_000065,item_00165,87,2025-08-12,delivered,피해자분들께 힘이 되길 바랍니다.,2025-08-12,2025-08-19
DON000882,user_000033,item_00129,63,2025-05-07,cancelled,조금이나마 도움이 되었으면 좋겠습니다.,2025-05-07,2025-05-10
DON000883,user_000403,item_00090,67,2025-04-17,delivered,재난 극복을 위해 함께하겠습니다.,2025-04-17,2025-04-22
DON000884,user_000206,item_00154,74,2025-03-14,pending,피해자분들께 힘이 되길 바랍니다.,2025-03-14,2025-03-16
DON000885,user_000408,item_00002,40,2025-07-14,pending,피해자분들께 힘이 되길 바랍니다.,2025-07-14,2025-07-17
DON000886,user_000395,item_00083,96,2025-05-27,pending,재난 극복을 위해 함께하겠습니다.,2025-05-27,2025-05-27
DON000887,user_000511,item_00031,93,2025-05-14,confirmed,조금이나마 도움이 되었으면 좋겠습니다.,2025-05-14,2025-05-14
DON000888,user_000275,item_00062,95,2025-08-20,confirmed,재난 피해자들에게 도움이 되길 바랍니다.,2025-08-20,2025-08-22
DON000889,user_000199,item_00036,83,2025-05-11,cancelled,재난 피해자들에게 도움이 되길 바랍니다.,2025-05-11,2025-05-15
DON000890,user_000914,item_00163,61,2025-04-07,confirmed,빠른 복구를 위해 기부합니다.,2025-04-07,2025-04-09
DON000891,user_000284,item_00182,100,2025-08-03,confirmed,빠른 복구를 위해 기부합니다.,2025-08-03,2025-08-09
DON000892,user_000206,item_00191,8,2025-05-12,delivered,빠른 복구를 위해 기부합니다.,2025-05-12,2025-05-18
DON000893,user_000410,item_00176,97,2025-06-11,cancelled,재난 극복을 위해 함께하겠습니다.,2025-06-11,2025-06-13
DON000894,user_000905,item_00146,46,2025-07-04,delivered,재난 극복을 위해 함께하겠습니다.,2025-07-04,2025-07-05
DON000895,user_000169,item_00038,69,2025-04-20,confirmed,빠른 복구를 위해 기부합니다.,2025-04-20,2025-04-24
DON000896,user_000693,item_00152,23,2025-05-07,cancelled,조금이나마 도움이 되었으면 좋겠습니다.,2025-05-07,2025-05-10
DON000897,user_000213,item_00129,11,2025-08-28,confirmed,피해자분들께 힘이 되길 바랍니다.,2025-08-28,2025-09-04
DON000898,user_000286,item_00072,14,2025-03-20,pending,조금이나마 도움이 되었으면 좋겠습니다.,2025-03-20,2025-03-27
DON000899,user_000137,item_00007,81,2025-07-09,cancelled,재난 극복을 위해 함께하겠습니다.,2025-07-09,2025-07-09
DON000900,user_000085,item_00192,68,2025-04-15,delivered,조금이나마 도움이 되었으면 좋겠습니다.,2025-04-15,2025-04-21
DON000901,user_000875,item_00114,63,2025-08-17,delivered,재난 피해자들에게 도움이 되길 바랍니다.,2025-08-17,2025-08-22
DON000902,user_000868,item_00083,4,2025-07-18,confirmed,재난 피해자들에게 도움이 되길 바랍니다.,2025-07-18,2025-07-21
DON000903,user_000467,item_00006,76,2025-08-21,confirmed,조금이나마 도움이 되었으면 좋겠습니다.,2025-08-21,2025-08-23
DON000904,user_000325,item_00036,52,2025-05-17,pending,재난 극복을 위해 함께하겠습니다.,2025-05-17,2025-05-19
DON000905,user_000974,item_00015,58,2025-07-03,delivered,빠른 복구를 위해 기부합니다.,2025-07-03,2025-07-07
DON000906,user_000662,item_00111,70,2025-04-23,cancelled,재난 피해자들에게 도움이 되길 바랍니다.,2025-04-23,2025-04-28
DON000907,user_000066,item_00070,81,2025-08-23,pending,재난 피해자들에게 도움이 되길 바랍니다.,2025-08-23,2025-08-28
DON000908,user_000403,item_00098,51,2025-06-14,pending,재난 피해자들에게 도움이 되길 바랍니다.,2025-06-14,2025-06-17
DON000909,user_000567,item_00196,36,2025-06-01,delivered,빠른 복구를 위해 기부합니다.,2025-06-01,2025-06-06
DON000910,user_000787,item_00167,10,2025-06-04,pending,조금이나마 도움이 되었으면 좋겠습니다.,2025-06-04,2025-06-06
DON000911,user_000020,item_00160,65,2025-04-19,delivered,피해자분들께 힘이 되길 바랍니다.,2025-04-19,2025-04-24
DON000912,user_000345,item_00173,7,2025-07-14,confirmed,재난 피해자들에게 도움이 되길 바랍니다.,2025-07-14,2025-07-15
DON000913,user_000130,item_00089,50,2025-06-07,delivered,조금이나마 도움이 되었으면 좋겠습니다.,2025-06-07,2025-06-13
DON000914,user_000886,item_00025,64,2025-05-20,delivered,빠른 복구를 위해 기부합니다.,2025-05-20,2025-05-21
DON000915,user_000860,item_00189,91,2025-05-19,delivered,피해자분들께 힘이 되길 바랍니다.,2025-05-19,2025-05-26
DON000916,user_000830,item_00035,11,2025-07-25,pending,피해자분들께 힘이 되길 바랍니다.,2025-07-25,2025-07-31
DON000917,user_000687,item_00057,42,2025-08-13,pending,조금이나마 도움이 되었으면 좋겠습니다.,2025-08-13,2025-08-14
DON000918,user_000180,item_00055,54,2025-03-22,confirmed,피해자분들께 힘이 되길 바랍니다.,2025-03-22,2025-03-23
DON000919,user_000232,item_00187,44,2025-07-12,delivered,빠른 복구를 위해 기부합니다.,2025-07-12,2025-07-19
DON000920,user_000197,item_00132,98,2025-07-17,confirmed,재난 피해자들에게 도움이 되길 바랍니다.,2025-07-17,2025-07-23
DON000921,user_000492,item_00020,54,2025-06-01,cancelled,조금이나마 도움이 되었으면 좋겠습니다.,2025-06-01,2025-06-01
DON000922,user_000374,item_00182,20,2025-04-10,pending,조금이나마 도움이 되었으면 좋겠습니다.,2025-04-10,2025-04-13
DON000923,user_000385,item_00048,74,2025-05-28,confirmed,조금이나마 도움이 되었으면 좋겠습니다.,2025-05-28,2025-05-30
DON000924,user_000317,item_00007,95,2025-03-24,confirmed,재난 극복을 위해 함께하겠습니다.,2025-03-24,2025-03-27
DON000925,user_000191,item_00017,14,2025-08-07,confirmed,재난 극복을 위해 함께하겠습니다.,2025-08-07,2025-08-09
DON000926,user_000153,item_00155,63,2025-07-03,delivered,재난 극복을 위해 함께하겠습니다.,2025-07-03,2025-07-10
DON000927,user_000351,item_00167,9,2025-07-19,cancelled,재난 극복을 위해 함께하겠습니다.,2025-07-19,2025-07-19
DON000928,user_000301,item_00097,99,2025-06-16,confirmed,재난 피해자들에게 도움이 되길 바랍니다.,2025-06-16,2025-06-19
DON000929,user_000065,item_00158,64,2025-07-20,confirmed,재난 피해자들에게 도움이 되길 바랍니다.,2025-07-20,2025-07-27
DON000930,user_000456,item_00031,52,2025-04-25,confirmed,재난 피해자들에게 도움이 되길 바랍니다.,2025-04-25,2025-04-28
DON000931,user_000504,item_00101,62,2025-04-20,pending,조금이나마 도움이 되었으면 좋겠습니다.,2025-04-20,2025-04-23
DON000932,user_000712,item_00057,22,2025-08-26,delivered,조금이나마 도움이 되었으면 좋겠습니다.,2025-08-26,2025-09-02
DON000933,user_000351,item_00012,87,2025-04-08,delivered,빠른 복구를 위해 기부합니다.,2025-04-08,2025-04-08
DON000934,user_000136,item_00103,38,2025-08-02,pending,재난 극복을 위해 함께하겠습니다.,2025-08-02,2025-08-02
DON000935,user_000616,item_00199,99,2025-03-15,confirmed,피해자분들께 힘이 되길 바랍니다.,2025-03-15,2025-03-15
DON000936,user_000359,item_00078,75,2025-05-20,cancelled,피해자분들께 힘이 되길 바랍니다.,2025-05-20,2025-05-23
DON000937,user_000203,item_00037,74,2025-08-29,confirmed,재난 극복을 위해 함께하겠습니다.,2025-08-29,2025-08-31
DON000938,user_000259,item_00093,38,2025-03-12,confirmed,재난 극복을 위해 함께하겠습니다.,2025-03-12,2025-03-19
DON000939,user_000288,item_00165,91,2025-03-21,pending,피해자분들께 힘이 되길 바랍니다.,2025-03-21,2025-03-23
DON000940,user_000033,item_00168,13,2025-09-07,cancelled,피해자분들께 힘이 되길 바랍니다.,2025-09-07,2025-09-08
DON000941,user_000757,item_00117,55,2025-05-24,cancelled,재난 피해자들에게 도움이 되길 바랍니다.,2025-05-24,2025-05-27
DON000942,user_000486,item_00138,86,2025-07-30,pending,피해자분들께 힘이 되길 바랍니다.,2025-07-30,2025-08-02
DON000943,user_000808,item_00154,10,2025-07-31,cancelled,조금이나마 도움이 되었으면 좋겠습니다.,2025-07-31,2025-08-03
DON000944,user_000386,item_00005,86,2025-07-20,pending,재난 피해자들에게 도움이 되길 바랍니다.,2025-07-20,2025-07-24
DON000945,user_000114,item_00015,17,2025-05-13,cancelled,피해자분들께 힘이 되길 바랍니다.,2025-05-13,2025-05-17
DON000946,user_000068,item_00164,35,2025-05-10,confirmed,빠른 복구를 위해 기부합니다.,2025-05-10,2025-05-16
DON000947,user_000691,item_00020,11,2025-08-13,cancelled,빠른 복구를 위해 기부합니다.,2025-08-13,2025-08-17
DON000948,user_000607,item_00186,41,2025-05-30,cancelled,피해자분들께 힘이 되길 바랍니다.,2025-05-30,2025-06-03
DON000949,user_000390,item_00143,89,2025-09-02,pending,재난 극복을 위해 함께하겠습니다.,2025-09-02,2025-09-08
DON000950,user_000558,item_00185,1,2025-06-26,delivered,피해자분들께 힘이 되길 바랍니다.,2025-06-26,2025-06-30
DON000951,user_000044,item_00056,9,2025-06-25,confirmed,재난 극복을 위해 함께하겠습니다.,2025-06-25,2025-06-29
DON000952,user_000854,item_00048,58,2025-07-06,pending,빠른 복구를 위해 기부합니다.,2025-07-06,2025-07-10
DON000953,user_000953,item_00180,97,2025-08-07,pending,조금이나마 도움이 되었으면 좋겠습니다.,2025-08-07,2025-08-13
DON000954,user_000310,item_00174,83,2025-06-07,confirmed,피해자분들께 힘이 되길 바랍니다.,2025-06-07,2025-06-07
DON000955,user_000872,item_00011,88,2025-07-04,delivered,재난 극복을 위해 함께하겠습니다.,2025-07-04,2025-07-07
DON000956,user_000688,item_00075,65,2025-05-26,cancelled,재난 피해자들에게 도움이 되길 바랍니다.,2025-05-26,2025-05-28
DON000957,user_000078,item_00122,56,2025-07-27,confirmed,피해자분들께 힘이 되길 바랍니다.,2025-07-27,2025-07-30
DON000958,user_000082,item_00014,12,2025-04-09,cancelled,빠른 복구를 위해 기부합니다.,2025-04-09,2025-04-12
DON000959,user_000571,item_00040,43,2025-08-29,confirmed,빠른 복구를 위해 기부합니다.,2025-08-29,2025-08-29
DON000960,user_000342,item_00006,8,2025-09-01,delivered,재난 피해자들에게 도움이 되길 바랍니다.,2025-09-01,2025-09-05
DON000961,user_000905,item_00113,34,2025-06-07,confirmed,재난 피해자들에게 도움이 되길 바랍니다.,2025-06-07,2025-06-08
DON000962,user_000805,item_00025,79,2025-06-20,delivered,빠른 복구를 위해 기부합니다.,2025-06-20,2025-06-24
DON000963,user_000196,item_00043,76,2025-08-28,delivered,빠른 복구를 위해 기부합니다.,2025-08-28,2025-09-02
DON000964,user_000451,item_00106,87,2025-08-04,pending,재난 극복을 위해 함께하겠습니다.,2025-08-04,2025-08-05
DON000965,user_000609,item_00017,84,2025-07-13,pending,빠른 복구를 위해 기부합니다.,2025-07-13,2025-07-19
DON000966,user_000730,item_00112,24,2025-05-18,cancelled,재난 피해자들에게 도움이 되길 바랍니다.,2025-05-18,2025-05-24
DON000967,user_000127,item_00043,78,2025-07-07,cancelled,재난 극복을 위해 함께하겠습니다.,2025-07-07,2025-07-14
DON000968,user_000156,item_00112,93,2025-08-28,delivered,피해자분들께 힘이 되길 바랍니다.,2025-08-28,2025-08-31
DON000969,user_000937,item_00063,19,2025-03-18,confirmed,빠른 복구를 위해 기부합니다.,2025-03-18,2025-03-22
DON000970,user_000311,item_00005,81,2025-06-04,cancelled,재난 피해자들에게 도움이 되길 바랍니다.,2025-06-04,2025-06-09
DON000971,user_000823,item_00057,46,2025-05-17,confirmed,빠른 복구를 위해 기부합니다.,2025-05-17,2025-05-24
DON000972,user_000599,item_00007,66,2025-08-05,confirmed,재난 피해자들에게 도움이 되길 바랍니다.,2025-08-05,2025-08-07
DON000973,user_000663,item_00194,62,2025-06-20,cancelled,피해자분들께 힘이 되길 바랍니다.,2025-06-20,2025-06-23
DON000974,user_000285,item_00080,74,2025-05-26,cancelled,피해자분들께 힘이 되길 바랍니다.,2025-05-26,2025-05-28
DON000975,user_000700,item_00018,27,2025-03-15,delivered,재난 피해자들에게 도움이 되길 바랍니다.,2025-03-15,2025-03-18
DON000976,user_000277,item_00099,29,2025-04-14,confirmed,조금이나마 도움이 되었으면 좋겠습니다.,2025-04-14,2025-04-15
DON000977,user_000845,item_00002,84,2025-04-15,delivered,재난 피해자들에게 도움이 되길 바랍니다.,2025-04-15,2025-04-19
DON000978,user_000138,item_00022,16,2025-07-31,confirmed,재난 피해자들에게 도움이 되길 바랍니다.,2025-07-31,2025-08-03
DON000979,user_000562,item_00107,13,2025-06-20,cancelled,피해자분들께 힘이 되길 바랍니다.,2025-06-20,2025-06-22
DON000980,user_000344,item_00018,22,2025-06-17,pending,피해자분들께 힘이 되길 바랍니다.,2025-06-17,2025-06-21
DON000981,user_000524,item_00120,61,2025-06-10,cancelled,빠른 복구를 위해 기부합니다.,2025-06-10,2025-06-11
DON000982,user_000981,item_00182,38,2025-05-16,pending,피해자분들께 힘이 되길 바랍니다.,2025-05-16,2025-05-20
DON000983,user_000841,item_00132,33,2025-03-09,delivered,조금이나마 도움이 되었으면 좋겠습니다.,2025-03-09,2025-03-15
DON000984,user_000497,item_00055,61,2025-07-04,pending,조금이나마 도움이 되었으면 좋겠습니다.,2025-07-04,2025-07-06
DON000985,user_000207,item_00053,10,2025-07-17,cancelled,피해자분들께 힘이 되길 바랍니다.,2025-07-17,2025-07-19
DON000986,user_000082,item_00080,21,2025-07-02,pending,재난 극복을 위해 함께하겠습니다.,2025-07-02,2025-07-05
DON000987,user_000907,item_00044,16,2025-05-21,confirmed,빠른 복구를 위해 기부합니다.,2025-05-21,2025-05-21
DON000988,user_000539,item_00111,8,2025-05-09,pending,재난 극복을 위해 함께하겠습니다.,2025-05-09,2025-05-12
DON000989,user_000140,item_00041,63,2025-03-14,delivered,피해자분들께 힘이 되길 바랍니다.,2025-03-14,2025-03-21
DON000990,user_000063,item_00171,77,2025-05-27,cancelled,빠른 복구를 위해 기부합니다.,2025-05-27,2025-06-01
DON000991,user_000181,item_00007,56,2025-03-14,pending,빠른 복구를 위해 기부합니다.,2025-03-14,2025-03-14
DON000992,user_000266,item_00129,6,2025-03-31,cancelled,조금이나마 도움이 되었으면 좋겠습니다.,2025-03-31,2025-04-06
DON000993,user_000083,item_00105,15,2025-08-02,pending,재난 극복을 위해 함께하겠습니다.,2025-08-02,2025-08-03
DON000994,user_000405,item_00159,39,2025-04-14,pending,조금이나마 도움이 되었으면 좋겠습니다.,2025-04-14,2025-04-18
DON000995,user_000663,item_00108,41,2025-06-11,delivered,피해자분들께 힘이 되길 바랍니다.,2025-06-11,2025-06-12
DON000996,user_000342,item_00050,58,2025-04-03,cancelled,피해자분들께 힘이 되길 바랍니다.,2025-04-03,2025-04-08
DON000997,user_000196,item_00068,57,2025-08-16,cancelled,재난 극복을 위해 함께하겠습니다.,2025-08-16,2025-08-17
DON000998,user_000211,item_00150,85,2025-04-19,delivered,재난 피해자들에게 도움이 되길 바랍니다.,2025-04-19,2025-04-24
DON000999,user_000268,item_00115,71,2025-08-24,pending,재난 극복을 위해 함께하겠습니다.,2025-08-24,2025-08-25
DON001000,user_000457,item_00040,1,2025-06-05,cancelled,재난 극복을 위해 함께하겠습니다.,2025-06-05,2025-06-11
