request_id,shelter_id,item_id,requested_quantity,priority,request_date,deadline,status,reason,created_at,updated_at
REQ000001,shelter_0008,item_00161,191,low,2025-08-08,2025-09-04,active,재난으로 인한 긴급 구호품 부족,2025-08-08,2025-08-13
REQ000002,shelter_0001,item_00112,489,high,2025-06-19,2025-06-27,active,재난으로 인한 긴급 구호품 부족,2025-06-19,2025-06-22
REQ000003,shelter_0089,item_00115,73,high,2025-08-11,2025-08-24,active,계절 변화에 따른 필수품 요청,2025-08-11,2025-08-15
REQ000004,shelter_0093,item_00066,310,urgent,2025-08-14,2025-08-27,partially_fulfilled,기존 재고 소진으로 인한 보충 필요,2025-08-14,2025-08-14
REQ000005,shelter_0038,item_00017,170,medium,2025-08-10,2025-08-22,expired,계절 변화에 따른 필수품 요청,2025-08-10,2025-08-12
REQ000006,shelter_0018,item_00129,212,medium,2025-08-18,2025-09-10,expired,재난으로 인한 긴급 구호품 부족,2025-08-18,2025-08-18
REQ000007,shelter_0037,item_00011,392,urgent,2025-08-12,2025-08-19,fulfilled,계절 변화에 따른 필수품 요청,2025-08-12,2025-08-16
REQ000008,shelter_0024,item_00150,353,medium,2025-06-23,2025-07-02,fulfilled,대피소 수용 인원 증가로 인한 추가 필요,2025-06-23,2025-06-24
REQ000009,shelter_0079,item_00083,305,urgent,2025-08-20,2025-09-06,expired,특수 상황 대응을 위한 긴급 요청,2025-08-20,2025-08-24
REQ000010,shelter_0008,item_00140,364,urgent,2025-08-01,2025-08-09,active,대피소 수용 인원 증가로 인한 추가 필요,2025-08-01,2025-08-02
REQ000011,shelter_0075,item_00193,13,low,2025-07-24,2025-07-25,fulfilled,특수 상황 대응을 위한 긴급 요청,2025-07-24,2025-07-28
REQ000012,shelter_0056,item_00110,214,low,2025-08-03,2025-08-19,partially_fulfilled,계절 변화에 따른 필수품 요청,2025-08-03,2025-08-04
REQ000013,shelter_0007,item_00033,130,medium,2025-06-08,2025-06-24,expired,기존 재고 소진으로 인한 보충 필요,2025-06-08,2025-06-11
REQ000014,shelter_0083,item_00101,64,low,2025-06-22,2025-06-29,expired,기존 재고 소진으로 인한 보충 필요,2025-06-22,2025-06-27
REQ000015,shelter_0001,item_00171,306,high,2025-06-30,2025-07-15,expired,특수 상황 대응을 위한 긴급 요청,2025-06-30,2025-07-03
REQ000016,shelter_0032,item_00193,121,low,2025-08-25,2025-09-14,active,특수 상황 대응을 위한 긴급 요청,2025-08-25,2025-08-25
REQ000017,shelter_0050,item_00067,285,urgent,2025-07-11,2025-07-24,active,기존 재고 소진으로 인한 보충 필요,2025-07-11,2025-07-16
REQ000018,shelter_0018,item_00087,500,high,2025-09-03,2025-09-27,active,기존 재고 소진으로 인한 보충 필요,2025-09-03,2025-09-07
REQ000019,shelter_0058,item_00074,417,urgent,2025-07-10,2025-07-27,partially_fulfilled,계절 변화에 따른 필수품 요청,2025-07-10,2025-07-14
REQ000020,shelter_0030,item_00092,83,urgent,2025-08-23,2025-08-26,partially_fulfilled,계절 변화에 따른 필수품 요청,2025-08-23,2025-08-28
REQ000021,shelter_0050,item_00045,265,low,2025-09-01,2025-09-25,expired,재난으로 인한 긴급 구호품 부족,2025-09-01,2025-09-05
REQ000022,shelter_0012,item_00124,50,urgent,2025-07-26,2025-08-14,partially_fulfilled,기존 재고 소진으로 인한 보충 필요,2025-07-26,2025-07-28
REQ000023,shelter_0050,item_00155,26,urgent,2025-09-05,2025-10-01,expired,재난으로 인한 긴급 구호품 부족,2025-09-05,2025-09-07
REQ000024,shelter_0020,item_00170,416,low,2025-06-14,2025-06-22,fulfilled,대피소 수용 인원 증가로 인한 추가 필요,2025-06-14,2025-06-15
REQ000025,shelter_0055,item_00052,391,medium,2025-08-14,2025-09-06,expired,대피소 수용 인원 증가로 인한 추가 필요,2025-08-14,2025-08-15
REQ000026,shelter_0076,item_00174,201,medium,2025-06-09,2025-06-12,active,대피소 수용 인원 증가로 인한 추가 필요,2025-06-09,2025-06-12
REQ000027,shelter_0070,item_00023,17,medium,2025-07-13,2025-07-22,expired,재난으로 인한 긴급 구호품 부족,2025-07-13,2025-07-16
REQ000028,shelter_0034,item_00123,204,low,2025-08-01,2025-08-17,expired,재난으로 인한 긴급 구호품 부족,2025-08-01,2025-08-03
REQ000029,shelter_0050,item_00050,159,medium,2025-07-22,2025-08-14,active,재난으로 인한 긴급 구호품 부족,2025-07-22,2025-07-23
REQ000030,shelter_0003,item_00167,131,medium,2025-07-02,2025-07-06,expired,계절 변화에 따른 필수품 요청,2025-07-02,2025-07-03
REQ000031,shelter_0060,item_00196,435,urgent,2025-08-07,2025-08-19,partially_fulfilled,재난으로 인한 긴급 구호품 부족,2025-08-07,2025-08-12
REQ000032,shelter_0061,item_00194,142,high,2025-07-19,2025-08-14,expired,대피소 수용 인원 증가로 인한 추가 필요,2025-07-19,2025-07-19
REQ000033,shelter_0033,item_00003,343,medium,2025-08-27,2025-08-30,partially_fulfilled,기존 재고 소진으로 인한 보충 필요,2025-08-27,2025-09-01
REQ000034,shelter_0021,item_00039,235,high,2025-06-24,2025-07-23,expired,기존 재고 소진으로 인한 보충 필요,2025-06-24,2025-06-24
REQ000035,shelter_0036,item_00164,375,low,2025-06-25,2025-06-29,fulfilled,대피소 수용 인원 증가로 인한 추가 필요,2025-06-25,2025-06-28
REQ000036,shelter_0092,item_00152,491,urgent,2025-08-26,2025-09-18,expired,계절 변화에 따른 필수품 요청,2025-08-26,2025-08-26
REQ000037,shelter_0074,item_00044,455,high,2025-06-12,2025-07-05,active,특수 상황 대응을 위한 긴급 요청,2025-06-12,2025-06-14
REQ000038,shelter_0082,item_00133,292,low,2025-09-02,2025-09-26,active,계절 변화에 따른 필수품 요청,2025-09-02,2025-09-02
REQ000039,shelter_0027,item_00099,448,medium,2025-06-29,2025-07-11,fulfilled,계절 변화에 따른 필수품 요청,2025-06-29,2025-07-01
REQ000040,shelter_0007,item_00120,409,low,2025-07-03,2025-07-05,expired,재난으로 인한 긴급 구호품 부족,2025-07-03,2025-07-06
REQ000041,shelter_0086,item_00062,281,urgent,2025-07-13,2025-08-04,expired,계절 변화에 따른 필수품 요청,2025-07-13,2025-07-15
REQ000042,shelter_0029,item_00021,247,urgent,2025-08-09,2025-08-26,partially_fulfilled,재난으로 인한 긴급 구호품 부족,2025-08-09,2025-08-10
REQ000043,shelter_0043,item_00069,215,low,2025-09-07,2025-10-05,fulfilled,재난으로 인한 긴급 구호품 부족,2025-09-07,2025-09-07
REQ000044,shelter_0062,item_00127,443,high,2025-08-07,2025-09-03,expired,계절 변화에 따른 필수품 요청,2025-08-07,2025-08-07
REQ000045,shelter_0072,item_00042,188,urgent,2025-07-16,2025-07-29,partially_fulfilled,대피소 수용 인원 증가로 인한 추가 필요,2025-07-16,2025-07-20
REQ000046,shelter_0071,item_00101,252,low,2025-08-25,2025-09-14,fulfilled,기존 재고 소진으로 인한 보충 필요,2025-08-25,2025-08-27
REQ000047,shelter_0093,item_00100,351,low,2025-06-20,2025-07-10,fulfilled,계절 변화에 따른 필수품 요청,2025-06-20,2025-06-20
REQ000048,shelter_0069,item_00072,253,medium,2025-08-12,2025-09-08,active,대피소 수용 인원 증가로 인한 추가 필요,2025-08-12,2025-08-15
REQ000049,shelter_0003,item_00124,220,high,2025-07-12,2025-07-22,fulfilled,기존 재고 소진으로 인한 보충 필요,2025-07-12,2025-07-17
REQ000050,shelter_0015,item_00082,55,low,2025-09-05,2025-09-28,expired,재난으로 인한 긴급 구호품 부족,2025-09-05,2025-09-10
REQ000051,shelter_0078,item_00116,250,urgent,2025-08-03,2025-08-22,partially_fulfilled,계절 변화에 따른 필수품 요청,2025-08-03,2025-08-08
REQ000052,shelter_0002,item_00021,124,medium,2025-07-16,2025-08-09,partially_fulfilled,특수 상황 대응을 위한 긴급 요청,2025-07-16,2025-07-18
REQ000053,shelter_0097,item_00195,364,urgent,2025-08-28,2025-09-11,partially_fulfilled,대피소 수용 인원 증가로 인한 추가 필요,2025-08-28,2025-08-28
REQ000054,shelter_0008,item_00164,165,medium,2025-08-04,2025-08-15,active,재난으로 인한 긴급 구호품 부족,2025-08-04,2025-08-06
REQ000055,shelter_0066,item_00055,408,urgent,2025-08-12,2025-08-19,fulfilled,기존 재고 소진으로 인한 보충 필요,2025-08-12,2025-08-13
REQ000056,shelter_0069,item_00195,225,urgent,2025-06-20,2025-07-17,fulfilled,계절 변화에 따른 필수품 요청,2025-06-20,2025-06-23
REQ000057,shelter_0009,item_00160,376,high,2025-06-12,2025-07-06,partially_fulfilled,특수 상황 대응을 위한 긴급 요청,2025-06-12,2025-06-15
REQ000058,shelter_0071,item_00187,491,urgent,2025-06-09,2025-07-08,active,기존 재고 소진으로 인한 보충 필요,2025-06-09,2025-06-12
REQ000059,shelter_0071,item_00074,448,urgent,2025-07-12,2025-07-13,fulfilled,계절 변화에 따른 필수품 요청,2025-07-12,2025-07-14
REQ000060,shelter_0025,item_00101,87,medium,2025-07-11,2025-08-01,active,계절 변화에 따른 필수품 요청,2025-07-11,2025-07-11
REQ000061,shelter_0084,item_00146,18,medium,2025-07-16,2025-08-09,active,특수 상황 대응을 위한 긴급 요청,2025-07-16,2025-07-17
REQ000062,shelter_0047,item_00042,361,medium,2025-07-30,2025-08-05,fulfilled,계절 변화에 따른 필수품 요청,2025-07-30,2025-07-30
REQ000063,shelter_0063,item_00181,382,urgent,2025-07-08,2025-07-14,expired,대피소 수용 인원 증가로 인한 추가 필요,2025-07-08,2025-07-13
REQ000064,shelter_0058,item_00190,268,low,2025-09-02,2025-09-16,active,기존 재고 소진으로 인한 보충 필요,2025-09-02,2025-09-05
REQ000065,shelter_0063,item_00181,337,high,2025-07-24,2025-08-09,active,특수 상황 대응을 위한 긴급 요청,2025-07-24,2025-07-26
REQ000066,shelter_0035,item_00008,156,low,2025-08-23,2025-09-09,partially_fulfilled,계절 변화에 따른 필수품 요청,2025-08-23,2025-08-26
REQ000067,shelter_0062,item_00015,341,high,2025-09-07,2025-09-08,active,기존 재고 소진으로 인한 보충 필요,2025-09-07,2025-09-11
REQ000068,shelter_0042,item_00022,353,low,2025-08-26,2025-09-03,expired,기존 재고 소진으로 인한 보충 필요,2025-08-26,2025-08-31
REQ000069,shelter_0057,item_00165,453,urgent,2025-08-26,2025-09-12,fulfilled,대피소 수용 인원 증가로 인한 추가 필요,2025-08-26,2025-08-31
REQ000070,shelter_0072,item_00036,456,medium,2025-09-04,2025-09-18,active,계절 변화에 따른 필수품 요청,2025-09-04,2025-09-04
REQ000071,shelter_0080,item_00099,184,medium,2025-07-18,2025-08-02,fulfilled,계절 변화에 따른 필수품 요청,2025-07-18,2025-07-18
REQ000072,shelter_0059,item_00162,374,urgent,2025-08-06,2025-09-05,fulfilled,계절 변화에 따른 필수품 요청,2025-08-06,2025-08-07
REQ000073,shelter_0009,item_00164,163,low,2025-08-04,2025-08-26,partially_fulfilled,재난으로 인한 긴급 구호품 부족,2025-08-04,2025-08-07
REQ000074,shelter_0063,item_00017,137,medium,2025-07-08,2025-07-28,partially_fulfilled,기존 재고 소진으로 인한 보충 필요,2025-07-08,2025-07-10
REQ000075,shelter_0022,item_00176,277,low,2025-06-21,2025-07-02,partially_fulfilled,대피소 수용 인원 증가로 인한 추가 필요,2025-06-21,2025-06-25
REQ000076,shelter_0068,item_00045,107,urgent,2025-07-08,2025-08-06,fulfilled,계절 변화에 따른 필수품 요청,2025-07-08,2025-07-13
REQ000077,shelter_0071,item_00136,123,low,2025-08-09,2025-08-21,partially_fulfilled,대피소 수용 인원 증가로 인한 추가 필요,2025-08-09,2025-08-11
REQ000078,shelter_0074,item_00154,111,urgent,2025-09-02,2025-09-29,partially_fulfilled,계절 변화에 따른 필수품 요청,2025-09-02,2025-09-06
REQ000079,shelter_0007,item_00175,50,medium,2025-06-30,2025-07-20,fulfilled,기존 재고 소진으로 인한 보충 필요,2025-06-30,2025-07-01
REQ000080,shelter_0028,item_00179,287,urgent,2025-07-25,2025-08-09,active,대피소 수용 인원 증가로 인한 추가 필요,2025-07-25,2025-07-30
REQ000081,shelter_0022,item_00056,370,low,2025-08-14,2025-08-26,fulfilled,계절 변화에 따른 필수품 요청,2025-08-14,2025-08-18
REQ000082,shelter_0018,item_00109,170,medium,2025-06-23,2025-07-16,fulfilled,계절 변화에 따른 필수품 요청,2025-06-23,2025-06-24
REQ000083,shelter_0077,item_00123,95,low,2025-07-21,2025-07-25,expired,대피소 수용 인원 증가로 인한 추가 필요,2025-07-21,2025-07-25
REQ000084,shelter_0032,item_00047,228,high,2025-06-16,2025-07-13,partially_fulfilled,대피소 수용 인원 증가로 인한 추가 필요,2025-06-16,2025-06-18
REQ000085,shelter_0080,item_00023,388,urgent,2025-08-31,2025-09-22,partially_fulfilled,재난으로 인한 긴급 구호품 부족,2025-08-31,2025-09-02
REQ000086,shelter_0083,item_00098,137,low,2025-08-25,2025-08-27,active,대피소 수용 인원 증가로 인한 추가 필요,2025-08-25,2025-08-27
REQ000087,shelter_0030,item_00093,274,urgent,2025-08-31,2025-09-21,active,특수 상황 대응을 위한 긴급 요청,2025-08-31,2025-08-31
REQ000088,shelter_0044,item_00086,242,low,2025-08-13,2025-08-23,expired,특수 상황 대응을 위한 긴급 요청,2025-08-13,2025-08-17
REQ000089,shelter_0049,item_00113,195,low,2025-07-18,2025-07-21,fulfilled,기존 재고 소진으로 인한 보충 필요,2025-07-18,2025-07-18
REQ000090,shelter_0099,item_00152,293,low,2025-07-09,2025-08-07,fulfilled,계절 변화에 따른 필수품 요청,2025-07-09,2025-07-13
REQ000091,shelter_0020,item_00057,83,high,2025-07-07,2025-07-29,fulfilled,기존 재고 소진으로 인한 보충 필요,2025-07-07,2025-07-09
REQ000092,shelter_0018,item_00013,12,low,2025-06-13,2025-06-17,active,특수 상황 대응을 위한 긴급 요청,2025-06-13,2025-06-17
REQ000093,shelter_0093,item_00144,259,urgent,2025-06-19,2025-07-05,fulfilled,계절 변화에 따른 필수품 요청,2025-06-19,2025-06-20
REQ000094,shelter_0078,item_00170,398,high,2025-07-24,2025-08-10,fulfilled,대피소 수용 인원 증가로 인한 추가 필요,2025-07-24,2025-07-24
REQ000095,shelter_0096,item_00060,261,high,2025-07-04,2025-07-08,partially_fulfilled,특수 상황 대응을 위한 긴급 요청,2025-07-04,2025-07-04
REQ000096,shelter_0091,item_00184,432,low,2025-07-16,2025-08-01,fulfilled,재난으로 인한 긴급 구호품 부족,2025-07-16,2025-07-20
REQ000097,shelter_0020,item_00006,417,urgent,2025-06-20,2025-07-08,expired,기존 재고 소진으로 인한 보충 필요,2025-06-20,2025-06-25
REQ000098,shelter_0027,item_00004,40,urgent,2025-08-18,2025-08-24,partially_fulfilled,특수 상황 대응을 위한 긴급 요청,2025-08-18,2025-08-19
REQ000099,shelter_0019,item_00077,113,urgent,2025-07-23,2025-07-31,expired,계절 변화에 따른 필수품 요청,2025-07-23,2025-07-24
REQ000100,shelter_0042,item_00167,11,low,2025-06-16,2025-07-13,fulfilled,기존 재고 소진으로 인한 보충 필요,2025-06-16,2025-06-16
REQ000101,shelter_0071,item_00119,11,low,2025-06-17,2025-06-21,active,기존 재고 소진으로 인한 보충 필요,2025-06-17,2025-06-21
REQ000102,shelter_0036,item_00145,398,medium,2025-07-19,2025-07-24,fulfilled,계절 변화에 따른 필수품 요청,2025-07-19,2025-07-19
REQ000103,shelter_0090,item_00058,50,low,2025-07-08,2025-07-23,expired,기존 재고 소진으로 인한 보충 필요,2025-07-08,2025-07-11
REQ000104,shelter_0054,item_00150,208,high,2025-08-20,2025-09-01,expired,특수 상황 대응을 위한 긴급 요청,2025-08-20,2025-08-22
REQ000105,shelter_0100,item_00021,435,urgent,2025-06-24,2025-07-10,active,계절 변화에 따른 필수품 요청,2025-06-24,2025-06-27
REQ000106,shelter_0008,item_00024,420,low,2025-08-12,2025-08-15,active,대피소 수용 인원 증가로 인한 추가 필요,2025-08-12,2025-08-15
REQ000107,shelter_0080,item_00114,432,medium,2025-08-17,2025-08-20,fulfilled,대피소 수용 인원 증가로 인한 추가 필요,2025-08-17,2025-08-21
REQ000108,shelter_0071,item_00021,388,high,2025-07-15,2025-07-23,fulfilled,특수 상황 대응을 위한 긴급 요청,2025-07-15,2025-07-20
REQ000109,shelter_0059,item_00110,19,low,2025-08-30,2025-09-05,fulfilled,재난으로 인한 긴급 구호품 부족,2025-08-30,2025-09-04
REQ000110,shelter_0008,item_00043,53,high,2025-08-01,2025-08-03,active,특수 상황 대응을 위한 긴급 요청,2025-08-01,2025-08-01
REQ000111,shelter_0024,item_00004,476,medium,2025-09-06,2025-09-25,fulfilled,특수 상황 대응을 위한 긴급 요청,2025-09-06,2025-09-09
REQ000112,shelter_0041,item_00110,381,medium,2025-09-03,2025-09-19,active,재난으로 인한 긴급 구호품 부족,2025-09-03,2025-09-07
REQ000113,shelter_0083,item_00113,286,medium,2025-07-18,2025-08-13,fulfilled,대피소 수용 인원 증가로 인한 추가 필요,2025-07-18,2025-07-21
REQ000114,shelter_0076,item_00122,41,medium,2025-09-07,2025-09-23,fulfilled,계절 변화에 따른 필수품 요청,2025-09-07,2025-09-09
REQ000115,shelter_0051,item_00033,285,urgent,2025-06-09,2025-07-01,fulfilled,대피소 수용 인원 증가로 인한 추가 필요,2025-06-09,2025-06-11
REQ000116,shelter_0080,item_00127,292,low,2025-07-31,2025-08-15,active,계절 변화에 따른 필수품 요청,2025-07-31,2025-08-03
REQ000117,shelter_0019,item_00177,389,urgent,2025-06-16,2025-07-13,active,재난으로 인한 긴급 구호품 부족,2025-06-16,2025-06-17
REQ000118,shelter_0062,item_00196,72,urgent,2025-08-11,2025-08-15,partially_fulfilled,계절 변화에 따른 필수품 요청,2025-08-11,2025-08-11
REQ000119,shelter_0012,item_00049,50,urgent,2025-08-07,2025-08-28,expired,기존 재고 소진으로 인한 보충 필요,2025-08-07,2025-08-11
REQ000120,shelter_0076,item_00146,376,low,2025-09-02,2025-09-28,active,대피소 수용 인원 증가로 인한 추가 필요,2025-09-02,2025-09-06
REQ000121,shelter_0006,item_00044,202,high,2025-07-17,2025-07-27,active,재난으로 인한 긴급 구호품 부족,2025-07-17,2025-07-20
REQ000122,shelter_0021,item_00080,34,medium,2025-08-03,2025-08-09,fulfilled,계절 변화에 따른 필수품 요청,2025-08-03,2025-08-05
REQ000123,shelter_0075,item_00151,183,high,2025-08-18,2025-09-10,expired,대피소 수용 인원 증가로 인한 추가 필요,2025-08-18,2025-08-19
REQ000124,shelter_0045,item_00109,323,high,2025-08-08,2025-08-10,active,재난으로 인한 긴급 구호품 부족,2025-08-08,2025-08-08
REQ000125,shelter_0007,item_00191,278,urgent,2025-08-01,2025-08-02,active,기존 재고 소진으로 인한 보충 필요,2025-08-01,2025-08-02
REQ000126,shelter_0080,item_00158,164,low,2025-08-12,2025-09-05,fulfilled,계절 변화에 따른 필수품 요청,2025-08-12,2025-08-13
REQ000127,shelter_0081,item_00007,223,high,2025-08-12,2025-09-02,active,대피소 수용 인원 증가로 인한 추가 필요,2025-08-12,2025-08-17
REQ000128,shelter_0011,item_00088,96,medium,2025-08-19,2025-08-31,partially_fulfilled,특수 상황 대응을 위한 긴급 요청,2025-08-19,2025-08-23
REQ000129,shelter_0100,item_00178,219,medium,2025-06-21,2025-07-18,active,재난으로 인한 긴급 구호품 부족,2025-06-21,2025-06-24
REQ000130,shelter_0046,item_00180,328,urgent,2025-07-26,2025-08-01,partially_fulfilled,대피소 수용 인원 증가로 인한 추가 필요,2025-07-26,2025-07-30
REQ000131,shelter_0003,item_00015,266,low,2025-07-16,2025-07-24,expired,대피소 수용 인원 증가로 인한 추가 필요,2025-07-16,2025-07-17
REQ000132,shelter_0064,item_00197,99,low,2025-07-01,2025-07-25,active,기존 재고 소진으로 인한 보충 필요,2025-07-01,2025-07-06
REQ000133,shelter_0054,item_00194,57,urgent,2025-08-14,2025-08-29,partially_fulfilled,대피소 수용 인원 증가로 인한 추가 필요,2025-08-14,2025-08-14
REQ000134,shelter_0036,item_00132,105,medium,2025-07-16,2025-07-26,partially_fulfilled,대피소 수용 인원 증가로 인한 추가 필요,2025-07-16,2025-07-20
REQ000135,shelter_0023,item_00184,42,urgent,2025-07-16,2025-07-25,expired,대피소 수용 인원 증가로 인한 추가 필요,2025-07-16,2025-07-19
REQ000136,shelter_0003,item_00139,190,low,2025-08-13,2025-09-08,partially_fulfilled,특수 상황 대응을 위한 긴급 요청,2025-08-13,2025-08-13
REQ000137,shelter_0079,item_00002,355,urgent,2025-07-06,2025-08-01,fulfilled,재난으로 인한 긴급 구호품 부족,2025-07-06,2025-07-10
REQ000138,shelter_0017,item_00050,383,low,2025-08-05,2025-09-01,active,대피소 수용 인원 증가로 인한 추가 필요,2025-08-05,2025-08-10
REQ000139,shelter_0096,item_00199,261,low,2025-08-15,2025-08-20,expired,대피소 수용 인원 증가로 인한 추가 필요,2025-08-15,2025-08-18
REQ000140,shelter_0007,item_00132,449,low,2025-09-01,2025-09-08,expired,대피소 수용 인원 증가로 인한 추가 필요,2025-09-01,2025-09-05
REQ000141,shelter_0050,item_00145,434,low,2025-08-22,2025-09-08,active,계절 변화에 따른 필수품 요청,2025-08-22,2025-08-27
REQ000142,shelter_0072,item_00012,88,medium,2025-07-24,2025-07-29,partially_fulfilled,특수 상황 대응을 위한 긴급 요청,2025-07-24,2025-07-29
REQ000143,shelter_0064,item_00038,357,urgent,2025-09-07,2025-09-24,partially_fulfilled,기존 재고 소진으로 인한 보충 필요,2025-09-07,2025-09-07
REQ000144,shelter_0100,item_00052,111,medium,2025-06-18,2025-06-19,expired,재난으로 인한 긴급 구호품 부족,2025-06-18,2025-06-22
REQ000145,shelter_0038,item_00048,357,high,2025-06-11,2025-06-30,expired,재난으로 인한 긴급 구호품 부족,2025-06-11,2025-06-14
REQ000146,shelter_0021,item_00123,283,high,2025-07-07,2025-07-08,active,재난으로 인한 긴급 구호품 부족,2025-07-07,2025-07-10
REQ000147,shelter_0073,item_00154,114,low,2025-06-14,2025-06-21,partially_fulfilled,대피소 수용 인원 증가로 인한 추가 필요,2025-06-14,2025-06-14
REQ000148,shelter_0064,item_00105,364,low,2025-07-03,2025-07-13,expired,기존 재고 소진으로 인한 보충 필요,2025-07-03,2025-07-05
REQ000149,shelter_0039,item_00018,129,low,2025-08-21,2025-09-01,active,계절 변화에 따른 필수품 요청,2025-08-21,2025-08-24
REQ000150,shelter_0055,item_00038,396,medium,2025-07-12,2025-08-02,expired,재난으로 인한 긴급 구호품 부족,2025-07-12,2025-07-13
REQ000151,shelter_0028,item_00138,216,high,2025-09-02,2025-09-30,partially_fulfilled,대피소 수용 인원 증가로 인한 추가 필요,2025-09-02,2025-09-06
REQ000152,shelter_0094,item_00024,440,medium,2025-07-18,2025-08-03,partially_fulfilled,기존 재고 소진으로 인한 보충 필요,2025-07-18,2025-07-20
REQ000153,shelter_0032,item_00108,296,medium,2025-07-23,2025-08-19,partially_fulfilled,대피소 수용 인원 증가로 인한 추가 필요,2025-07-23,2025-07-25
REQ000154,shelter_0046,item_00167,20,urgent,2025-06-11,2025-07-07,expired,계절 변화에 따른 필수품 요청,2025-06-11,2025-06-15
REQ000155,shelter_0047,item_00200,239,medium,2025-08-08,2025-08-12,partially_fulfilled,계절 변화에 따른 필수품 요청,2025-08-08,2025-08-10
REQ000156,shelter_0059,item_00007,270,medium,2025-08-16,2025-09-06,active,재난으로 인한 긴급 구호품 부족,2025-08-16,2025-08-17
REQ000157,shelter_0021,item_00040,305,high,2025-07-02,2025-08-01,fulfilled,계절 변화에 따른 필수품 요청,2025-07-02,2025-07-05
REQ000158,shelter_0042,item_00163,116,medium,2025-06-18,2025-06-28,fulfilled,대피소 수용 인원 증가로 인한 추가 필요,2025-06-18,2025-06-19
REQ000159,shelter_0015,item_00034,198,urgent,2025-06-14,2025-06-20,expired,특수 상황 대응을 위한 긴급 요청,2025-06-14,2025-06-16
REQ000160,shelter_0002,item_00162,415,high,2025-08-10,2025-08-15,expired,기존 재고 소진으로 인한 보충 필요,2025-08-10,2025-08-15
REQ000161,shelter_0020,item_00163,480,high,2025-07-09,2025-07-31,fulfilled,재난으로 인한 긴급 구호품 부족,2025-07-09,2025-07-12
REQ000162,shelter_0045,item_00193,285,urgent,2025-06-15,2025-06-25,active,계절 변화에 따른 필수품 요청,2025-06-15,2025-06-16
REQ000163,shelter_0060,item_00086,413,low,2025-07-31,2025-08-26,active,계절 변화에 따른 필수품 요청,2025-07-31,2025-08-01
REQ000164,shelter_0040,item_00036,151,high,2025-07-12,2025-07-29,active,재난으로 인한 긴급 구호품 부족,2025-07-12,2025-07-17
REQ000165,shelter_0026,item_00016,461,high,2025-07-08,2025-08-04,fulfilled,기존 재고 소진으로 인한 보충 필요,2025-07-08,2025-07-08
REQ000166,shelter_0065,item_00109,287,high,2025-07-11,2025-07-22,expired,특수 상황 대응을 위한 긴급 요청,2025-07-11,2025-07-14
REQ000167,shelter_0090,item_00142,19,urgent,2025-07-08,2025-07-18,partially_fulfilled,기존 재고 소진으로 인한 보충 필요,2025-07-08,2025-07-08
REQ000168,shelter_0063,item_00171,447,high,2025-09-01,2025-09-25,active,특수 상황 대응을 위한 긴급 요청,2025-09-01,2025-09-02
REQ000169,shelter_0069,item_00142,265,high,2025-08-28,2025-09-05,expired,특수 상황 대응을 위한 긴급 요청,2025-08-28,2025-08-29
REQ000170,shelter_0066,item_00189,442,high,2025-07-01,2025-07-20,expired,재난으로 인한 긴급 구호품 부족,2025-07-01,2025-07-03
REQ000171,shelter_0061,item_00165,390,urgent,2025-06-21,2025-06-24,active,재난으로 인한 긴급 구호품 부족,2025-06-21,2025-06-23
REQ000172,shelter_0096,item_00031,105,low,2025-07-09,2025-07-24,fulfilled,대피소 수용 인원 증가로 인한 추가 필요,2025-07-09,2025-07-14
REQ000173,shelter_0082,item_00098,263,urgent,2025-08-04,2025-08-31,partially_fulfilled,계절 변화에 따른 필수품 요청,2025-08-04,2025-08-07
REQ000174,shelter_0085,item_00025,213,low,2025-06-21,2025-07-21,fulfilled,재난으로 인한 긴급 구호품 부족,2025-06-21,2025-06-23
REQ000175,shelter_0049,item_00137,471,medium,2025-07-28,2025-08-21,fulfilled,대피소 수용 인원 증가로 인한 추가 필요,2025-07-28,2025-08-02
REQ000176,shelter_0010,item_00052,121,medium,2025-06-21,2025-07-13,active,기존 재고 소진으로 인한 보충 필요,2025-06-21,2025-06-22
REQ000177,shelter_0084,item_00149,263,urgent,2025-06-14,2025-07-14,expired,기존 재고 소진으로 인한 보충 필요,2025-06-14,2025-06-17
REQ000178,shelter_0054,item_00145,143,urgent,2025-08-30,2025-09-08,fulfilled,계절 변화에 따른 필수품 요청,2025-08-30,2025-09-02
REQ000179,shelter_0033,item_00193,358,high,2025-08-03,2025-08-18,expired,기존 재고 소진으로 인한 보충 필요,2025-08-03,2025-08-03
REQ000180,shelter_0062,item_00105,310,high,2025-08-11,2025-08-25,fulfilled,기존 재고 소진으로 인한 보충 필요,2025-08-11,2025-08-15
REQ000181,shelter_0039,item_00055,435,medium,2025-08-10,2025-08-25,fulfilled,재난으로 인한 긴급 구호품 부족,2025-08-10,2025-08-15
REQ000182,shelter_0038,item_00074,244,urgent,2025-06-17,2025-07-10,active,기존 재고 소진으로 인한 보충 필요,2025-06-17,2025-06-17
REQ000183,shelter_0057,item_00021,289,medium,2025-06-21,2025-07-16,fulfilled,계절 변화에 따른 필수품 요청,2025-06-21,2025-06-24
REQ000184,shelter_0063,item_00086,126,high,2025-07-18,2025-07-26,partially_fulfilled,기존 재고 소진으로 인한 보충 필요,2025-07-18,2025-07-18
REQ000185,shelter_0016,item_00100,499,urgent,2025-09-01,2025-09-04,fulfilled,대피소 수용 인원 증가로 인한 추가 필요,2025-09-01,2025-09-02
REQ000186,shelter_0083,item_00199,467,medium,2025-08-21,2025-09-19,active,재난으로 인한 긴급 구호품 부족,2025-08-21,2025-08-22
REQ000187,shelter_0007,item_00133,15,medium,2025-08-13,2025-08-18,fulfilled,대피소 수용 인원 증가로 인한 추가 필요,2025-08-13,2025-08-16
REQ000188,shelter_0051,item_00162,372,medium,2025-06-27,2025-07-18,expired,기존 재고 소진으로 인한 보충 필요,2025-06-27,2025-07-01
REQ000189,shelter_0050,item_00122,300,low,2025-09-03,2025-09-09,active,특수 상황 대응을 위한 긴급 요청,2025-09-03,2025-09-03
REQ000190,shelter_0038,item_00115,195,medium,2025-08-18,2025-09-08,fulfilled,재난으로 인한 긴급 구호품 부족,2025-08-18,2025-08-23
REQ000191,shelter_0077,item_00141,294,low,2025-06-27,2025-07-20,active,특수 상황 대응을 위한 긴급 요청,2025-06-27,2025-06-30
REQ000192,shelter_0058,item_00105,402,high,2025-06-27,2025-07-07,expired,계절 변화에 따른 필수품 요청,2025-06-27,2025-06-29
REQ000193,shelter_0061,item_00045,474,urgent,2025-06-25,2025-07-16,expired,대피소 수용 인원 증가로 인한 추가 필요,2025-06-25,2025-06-29
REQ000194,shelter_0078,item_00102,84,high,2025-09-01,2025-09-26,expired,계절 변화에 따른 필수품 요청,2025-09-01,2025-09-06
REQ000195,shelter_0094,item_00120,360,urgent,2025-06-13,2025-06-23,active,기존 재고 소진으로 인한 보충 필요,2025-06-13,2025-06-18
REQ000196,shelter_0090,item_00063,199,high,2025-07-28,2025-08-10,active,특수 상황 대응을 위한 긴급 요청,2025-07-28,2025-08-01
REQ000197,shelter_0073,item_00182,387,medium,2025-08-04,2025-09-01,partially_fulfilled,특수 상황 대응을 위한 긴급 요청,2025-08-04,2025-08-09
REQ000198,shelter_0077,item_00136,429,low,2025-09-04,2025-09-25,fulfilled,특수 상황 대응을 위한 긴급 요청,2025-09-04,2025-09-07
REQ000199,shelter_0004,item_00098,124,urgent,2025-08-28,2025-09-08,expired,기존 재고 소진으로 인한 보충 필요,2025-08-28,2025-08-29
REQ000200,shelter_0045,item_00098,96,medium,2025-07-09,2025-07-25,partially_fulfilled,계절 변화에 따른 필수품 요청,2025-07-09,2025-07-09
REQ000201,shelter_0058,item_00006,41,medium,2025-08-05,2025-08-21,expired,기존 재고 소진으로 인한 보충 필요,2025-08-05,2025-08-10
REQ000202,shelter_0084,item_00198,162,low,2025-08-10,2025-09-05,active,대피소 수용 인원 증가로 인한 추가 필요,2025-08-10,2025-08-15
REQ000203,shelter_0010,item_00008,430,high,2025-07-14,2025-07-21,fulfilled,대피소 수용 인원 증가로 인한 추가 필요,2025-07-14,2025-07-16
REQ000204,shelter_0073,item_00010,16,urgent,2025-08-23,2025-09-13,expired,계절 변화에 따른 필수품 요청,2025-08-23,2025-08-25
REQ000205,shelter_0094,item_00102,287,urgent,2025-06-20,2025-07-10,active,대피소 수용 인원 증가로 인한 추가 필요,2025-06-20,2025-06-23
REQ000206,shelter_0005,item_00051,448,medium,2025-08-22,2025-08-24,fulfilled,대피소 수용 인원 증가로 인한 추가 필요,2025-08-22,2025-08-27
REQ000207,shelter_0076,item_00174,93,medium,2025-06-30,2025-07-22,active,재난으로 인한 긴급 구호품 부족,2025-06-30,2025-07-05
REQ000208,shelter_0070,item_00037,496,high,2025-07-27,2025-07-30,partially_fulfilled,계절 변화에 따른 필수품 요청,2025-07-27,2025-07-31
REQ000209,shelter_0021,item_00135,14,urgent,2025-06-22,2025-06-29,fulfilled,특수 상황 대응을 위한 긴급 요청,2025-06-22,2025-06-26
REQ000210,shelter_0003,item_00169,410,urgent,2025-06-17,2025-07-12,active,재난으로 인한 긴급 구호품 부족,2025-06-17,2025-06-17
REQ000211,shelter_0015,item_00173,272,urgent,2025-07-18,2025-08-16,fulfilled,계절 변화에 따른 필수품 요청,2025-07-18,2025-07-18
REQ000212,shelter_0093,item_00188,412,medium,2025-06-24,2025-07-17,expired,대피소 수용 인원 증가로 인한 추가 필요,2025-06-24,2025-06-25
REQ000213,shelter_0028,item_00030,34,urgent,2025-07-15,2025-07-28,active,기존 재고 소진으로 인한 보충 필요,2025-07-15,2025-07-16
REQ000214,shelter_0009,item_00054,146,medium,2025-08-10,2025-08-24,expired,계절 변화에 따른 필수품 요청,2025-08-10,2025-08-13
REQ000215,shelter_0065,item_00013,475,low,2025-07-30,2025-08-02,expired,계절 변화에 따른 필수품 요청,2025-07-30,2025-07-31
REQ000216,shelter_0077,item_00196,124,low,2025-07-07,2025-07-26,active,대피소 수용 인원 증가로 인한 추가 필요,2025-07-07,2025-07-09
REQ000217,shelter_0035,item_00098,78,high,2025-06-17,2025-06-26,fulfilled,기존 재고 소진으로 인한 보충 필요,2025-06-17,2025-06-18
REQ000218,shelter_0023,item_00184,378,medium,2025-07-22,2025-08-18,active,재난으로 인한 긴급 구호품 부족,2025-07-22,2025-07-23
REQ000219,shelter_0086,item_00074,349,medium,2025-09-07,2025-09-28,active,계절 변화에 따른 필수품 요청,2025-09-07,2025-09-12
REQ000220,shelter_0015,item_00127,227,urgent,2025-08-24,2025-08-28,fulfilled,기존 재고 소진으로 인한 보충 필요,2025-08-24,2025-08-27
REQ000221,shelter_0042,item_00006,294,low,2025-09-06,2025-09-24,active,재난으로 인한 긴급 구호품 부족,2025-09-06,2025-09-11
REQ000222,shelter_0029,item_00153,253,high,2025-06-24,2025-07-15,fulfilled,기존 재고 소진으로 인한 보충 필요,2025-06-24,2025-06-27
REQ000223,shelter_0086,item_00122,181,medium,2025-08-05,2025-08-12,active,대피소 수용 인원 증가로 인한 추가 필요,2025-08-05,2025-08-07
REQ000224,shelter_0063,item_00197,481,medium,2025-09-04,2025-10-01,fulfilled,재난으로 인한 긴급 구호품 부족,2025-09-04,2025-09-06
REQ000225,shelter_0046,item_00125,34,low,2025-07-24,2025-08-22,active,재난으로 인한 긴급 구호품 부족,2025-07-24,2025-07-27
REQ000226,shelter_0095,item_00007,145,medium,2025-08-25,2025-09-21,partially_fulfilled,대피소 수용 인원 증가로 인한 추가 필요,2025-08-25,2025-08-28
REQ000227,shelter_0041,item_00120,265,urgent,2025-07-02,2025-07-22,fulfilled,계절 변화에 따른 필수품 요청,2025-07-02,2025-07-04
REQ000228,shelter_0023,item_00185,443,low,2025-07-23,2025-08-20,expired,재난으로 인한 긴급 구호품 부족,2025-07-23,2025-07-25
REQ000229,shelter_0057,item_00194,64,medium,2025-08-02,2025-08-04,partially_fulfilled,기존 재고 소진으로 인한 보충 필요,2025-08-02,2025-08-02
REQ000230,shelter_0020,item_00097,439,urgent,2025-07-24,2025-07-27,fulfilled,기존 재고 소진으로 인한 보충 필요,2025-07-24,2025-07-27
REQ000231,shelter_0066,item_00083,423,urgent,2025-08-26,2025-09-10,expired,특수 상황 대응을 위한 긴급 요청,2025-08-26,2025-08-28
REQ000232,shelter_0003,item_00054,266,high,2025-06-18,2025-07-16,active,재난으로 인한 긴급 구호품 부족,2025-06-18,2025-06-20
REQ000233,shelter_0075,item_00083,329,high,2025-07-16,2025-08-11,active,계절 변화에 따른 필수품 요청,2025-07-16,2025-07-17
REQ000234,shelter_0054,item_00182,51,high,2025-06-28,2025-07-27,fulfilled,계절 변화에 따른 필수품 요청,2025-06-28,2025-07-01
REQ000235,shelter_0024,item_00060,207,low,2025-08-17,2025-09-03,partially_fulfilled,대피소 수용 인원 증가로 인한 추가 필요,2025-08-17,2025-08-19
REQ000236,shelter_0083,item_00125,186,high,2025-07-27,2025-08-03,fulfilled,특수 상황 대응을 위한 긴급 요청,2025-07-27,2025-07-28
REQ000237,shelter_0100,item_00112,370,low,2025-07-31,2025-08-12,expired,계절 변화에 따른 필수품 요청,2025-07-31,2025-08-04
REQ000238,shelter_0089,item_00162,236,high,2025-06-28,2025-07-11,active,특수 상황 대응을 위한 긴급 요청,2025-06-28,2025-06-29
REQ000239,shelter_0060,item_00063,299,high,2025-08-27,2025-09-18,expired,재난으로 인한 긴급 구호품 부족,2025-08-27,2025-08-27
REQ000240,shelter_0036,item_00163,329,medium,2025-08-06,2025-08-11,fulfilled,재난으로 인한 긴급 구호품 부족,2025-08-06,2025-08-06
REQ000241,shelter_0004,item_00053,18,medium,2025-08-02,2025-08-06,fulfilled,재난으로 인한 긴급 구호품 부족,2025-08-02,2025-08-04
REQ000242,shelter_0070,item_00171,214,urgent,2025-06-29,2025-07-24,partially_fulfilled,대피소 수용 인원 증가로 인한 추가 필요,2025-06-29,2025-06-30
REQ000243,shelter_0023,item_00006,367,low,2025-09-02,2025-09-24,partially_fulfilled,계절 변화에 따른 필수품 요청,2025-09-02,2025-09-03
REQ000244,shelter_0074,item_00156,366,high,2025-08-26,2025-09-01,active,특수 상황 대응을 위한 긴급 요청,2025-08-26,2025-08-29
REQ000245,shelter_0011,item_00121,252,high,2025-08-10,2025-08-18,partially_fulfilled,특수 상황 대응을 위한 긴급 요청,2025-08-10,2025-08-14
REQ000246,shelter_0013,item_00104,103,medium,2025-06-23,2025-07-10,expired,기존 재고 소진으로 인한 보충 필요,2025-06-23,2025-06-24
REQ000247,shelter_0088,item_00129,299,medium,2025-07-16,2025-07-19,expired,대피소 수용 인원 증가로 인한 추가 필요,2025-07-16,2025-07-16
REQ000248,shelter_0018,item_00062,241,urgent,2025-08-04,2025-09-01,partially_fulfilled,기존 재고 소진으로 인한 보충 필요,2025-08-04,2025-08-05
REQ000249,shelter_0082,item_00125,291,low,2025-07-22,2025-07-28,expired,기존 재고 소진으로 인한 보충 필요,2025-07-22,2025-07-27
REQ000250,shelter_0022,item_00155,500,high,2025-08-06,2025-08-29,expired,대피소 수용 인원 증가로 인한 추가 필요,2025-08-06,2025-08-06
REQ000251,shelter_0087,item_00153,55,urgent,2025-08-19,2025-08-27,fulfilled,기존 재고 소진으로 인한 보충 필요,2025-08-19,2025-08-19
REQ000252,shelter_0039,item_00148,470,medium,2025-06-30,2025-07-13,active,계절 변화에 따른 필수품 요청,2025-06-30,2025-07-02
REQ000253,shelter_0024,item_00058,16,urgent,2025-07-12,2025-07-13,expired,계절 변화에 따른 필수품 요청,2025-07-12,2025-07-17
REQ000254,shelter_0041,item_00069,142,urgent,2025-06-29,2025-07-03,expired,계절 변화에 따른 필수품 요청,2025-06-29,2025-07-04
REQ000255,shelter_0006,item_00132,246,high,2025-07-06,2025-08-02,expired,대피소 수용 인원 증가로 인한 추가 필요,2025-07-06,2025-07-10
REQ000256,shelter_0002,item_00165,361,urgent,2025-06-19,2025-06-25,partially_fulfilled,기존 재고 소진으로 인한 보충 필요,2025-06-19,2025-06-24
REQ000257,shelter_0022,item_00079,83,medium,2025-08-04,2025-08-21,fulfilled,재난으로 인한 긴급 구호품 부족,2025-08-04,2025-08-07
REQ000258,shelter_0014,item_00029,230,medium,2025-07-21,2025-08-13,fulfilled,특수 상황 대응을 위한 긴급 요청,2025-07-21,2025-07-23
REQ000259,shelter_0059,item_00004,15,low,2025-07-29,2025-08-25,expired,기존 재고 소진으로 인한 보충 필요,2025-07-29,2025-08-01
REQ000260,shelter_0072,item_00197,348,medium,2025-08-07,2025-09-01,active,특수 상황 대응을 위한 긴급 요청,2025-08-07,2025-08-10
REQ000261,shelter_0089,item_00010,312,medium,2025-06-28,2025-07-07,active,대피소 수용 인원 증가로 인한 추가 필요,2025-06-28,2025-06-30
REQ000262,shelter_0005,item_00063,192,medium,2025-09-02,2025-09-08,partially_fulfilled,기존 재고 소진으로 인한 보충 필요,2025-09-02,2025-09-04
REQ000263,shelter_0003,item_00076,309,urgent,2025-08-24,2025-09-20,active,재난으로 인한 긴급 구호품 부족,2025-08-24,2025-08-24
REQ000264,shelter_0078,item_00128,326,medium,2025-07-28,2025-08-08,fulfilled,특수 상황 대응을 위한 긴급 요청,2025-07-28,2025-08-02
REQ000265,shelter_0096,item_00195,160,high,2025-07-12,2025-08-02,partially_fulfilled,기존 재고 소진으로 인한 보충 필요,2025-07-12,2025-07-14
REQ000266,shelter_0087,item_00194,206,urgent,2025-06-28,2025-07-19,expired,기존 재고 소진으로 인한 보충 필요,2025-06-28,2025-07-01
REQ000267,shelter_0017,item_00030,491,urgent,2025-08-04,2025-08-08,expired,기존 재고 소진으로 인한 보충 필요,2025-08-04,2025-08-05
REQ000268,shelter_0054,item_00113,49,low,2025-07-12,2025-07-23,expired,재난으로 인한 긴급 구호품 부족,2025-07-12,2025-07-15
REQ000269,shelter_0060,item_00029,351,medium,2025-07-12,2025-08-06,active,특수 상황 대응을 위한 긴급 요청,2025-07-12,2025-07-15
REQ000270,shelter_0080,item_00190,90,urgent,2025-06-17,2025-06-28,partially_fulfilled,재난으로 인한 긴급 구호품 부족,2025-06-17,2025-06-19
REQ000271,shelter_0049,item_00132,270,high,2025-07-29,2025-08-14,active,대피소 수용 인원 증가로 인한 추가 필요,2025-07-29,2025-07-29
REQ000272,shelter_0046,item_00118,71,high,2025-07-05,2025-07-21,active,재난으로 인한 긴급 구호품 부족,2025-07-05,2025-07-10
REQ000273,shelter_0026,item_00154,361,urgent,2025-07-05,2025-08-02,fulfilled,특수 상황 대응을 위한 긴급 요청,2025-07-05,2025-07-06
REQ000274,shelter_0076,item_00158,74,low,2025-07-27,2025-08-08,expired,기존 재고 소진으로 인한 보충 필요,2025-07-27,2025-07-29
REQ000275,shelter_0084,item_00034,59,medium,2025-07-14,2025-07-18,active,재난으로 인한 긴급 구호품 부족,2025-07-14,2025-07-19
REQ000276,shelter_0018,item_00171,144,medium,2025-09-06,2025-09-28,active,재난으로 인한 긴급 구호품 부족,2025-09-06,2025-09-07
REQ000277,shelter_0083,item_00008,478,medium,2025-08-15,2025-08-19,expired,특수 상황 대응을 위한 긴급 요청,2025-08-15,2025-08-18
REQ000278,shelter_0016,item_00056,385,medium,2025-07-14,2025-08-01,fulfilled,재난으로 인한 긴급 구호품 부족,2025-07-14,2025-07-19
REQ000279,shelter_0080,item_00061,457,high,2025-08-04,2025-09-01,expired,계절 변화에 따른 필수품 요청,2025-08-04,2025-08-05
REQ000280,shelter_0055,item_00050,158,medium,2025-06-22,2025-07-05,expired,계절 변화에 따른 필수품 요청,2025-06-22,2025-06-24
REQ000281,shelter_0094,item_00158,482,low,2025-07-20,2025-08-06,fulfilled,재난으로 인한 긴급 구호품 부족,2025-07-20,2025-07-23
REQ000282,shelter_0084,item_00084,409,low,2025-07-21,2025-07-28,fulfilled,재난으로 인한 긴급 구호품 부족,2025-07-21,2025-07-22
REQ000283,shelter_0018,item_00169,364,low,2025-07-26,2025-08-13,fulfilled,재난으로 인한 긴급 구호품 부족,2025-07-26,2025-07-31
REQ000284,shelter_0045,item_00117,485,medium,2025-07-07,2025-07-09,expired,재난으로 인한 긴급 구호품 부족,2025-07-07,2025-07-12
REQ000285,shelter_0038,item_00063,304,low,2025-09-01,2025-09-14,partially_fulfilled,기존 재고 소진으로 인한 보충 필요,2025-09-01,2025-09-03
REQ000286,shelter_0042,item_00008,150,low,2025-08-23,2025-09-21,active,계절 변화에 따른 필수품 요청,2025-08-23,2025-08-24
REQ000287,shelter_0010,item_00171,345,high,2025-09-07,2025-10-05,active,특수 상황 대응을 위한 긴급 요청,2025-09-07,2025-09-10
REQ000288,shelter_0011,item_00198,260,urgent,2025-09-04,2025-09-14,active,특수 상황 대응을 위한 긴급 요청,2025-09-04,2025-09-07
REQ000289,shelter_0018,item_00200,193,medium,2025-08-15,2025-09-01,fulfilled,재난으로 인한 긴급 구호품 부족,2025-08-15,2025-08-19
REQ000290,shelter_0070,item_00031,47,medium,2025-08-01,2025-08-16,fulfilled,특수 상황 대응을 위한 긴급 요청,2025-08-01,2025-08-05
REQ000291,shelter_0016,item_00182,228,high,2025-08-13,2025-08-19,active,재난으로 인한 긴급 구호품 부족,2025-08-13,2025-08-13
REQ000292,shelter_0048,item_00066,363,medium,2025-06-08,2025-06-28,fulfilled,대피소 수용 인원 증가로 인한 추가 필요,2025-06-08,2025-06-08
REQ000293,shelter_0068,item_00042,389,urgent,2025-06-21,2025-07-04,expired,기존 재고 소진으로 인한 보충 필요,2025-06-21,2025-06-24
REQ000294,shelter_0086,item_00132,420,high,2025-07-12,2025-07-20,fulfilled,대피소 수용 인원 증가로 인한 추가 필요,2025-07-12,2025-07-14
REQ000295,shelter_0028,item_00102,58,high,2025-08-10,2025-08-16,expired,대피소 수용 인원 증가로 인한 추가 필요,2025-08-10,2025-08-11
REQ000296,shelter_0039,item_00058,337,urgent,2025-08-08,2025-09-01,partially_fulfilled,계절 변화에 따른 필수품 요청,2025-08-08,2025-08-08
REQ000297,shelter_0097,item_00132,495,urgent,2025-07-27,2025-08-22,fulfilled,기존 재고 소진으로 인한 보충 필요,2025-07-27,2025-07-27
REQ000298,shelter_0001,item_00082,43,medium,2025-07-20,2025-08-18,active,특수 상황 대응을 위한 긴급 요청,2025-07-20,2025-07-21
REQ000299,shelter_0063,item_00073,459,medium,2025-08-03,2025-08-24,active,특수 상황 대응을 위한 긴급 요청,2025-08-03,2025-08-06
REQ000300,shelter_0038,item_00190,138,medium,2025-08-22,2025-09-12,fulfilled,계절 변화에 따른 필수품 요청,2025-08-22,2025-08-22
REQ000301,shelter_0044,item_00170,87,low,2025-08-02,2025-08-26,expired,특수 상황 대응을 위한 긴급 요청,2025-08-02,2025-08-03
REQ000302,shelter_0060,item_00152,25,low,2025-08-27,2025-09-25,active,계절 변화에 따른 필수품 요청,2025-08-27,2025-08-27
REQ000303,shelter_0015,item_00038,461,medium,2025-08-03,2025-08-27,active,기존 재고 소진으로 인한 보충 필요,2025-08-03,2025-08-08
REQ000304,shelter_0021,item_00161,411,medium,2025-07-18,2025-08-12,expired,특수 상황 대응을 위한 긴급 요청,2025-07-18,2025-07-20
REQ000305,shelter_0094,item_00171,176,high,2025-08-18,2025-09-03,partially_fulfilled,기존 재고 소진으로 인한 보충 필요,2025-08-18,2025-08-18
REQ000306,shelter_0001,item_00013,182,urgent,2025-08-28,2025-09-16,expired,재난으로 인한 긴급 구호품 부족,2025-08-28,2025-08-30
REQ000307,shelter_0065,item_00036,317,low,2025-08-31,2025-09-03,active,계절 변화에 따른 필수품 요청,2025-08-31,2025-09-03
REQ000308,shelter_0038,item_00037,449,high,2025-09-03,2025-09-18,partially_fulfilled,특수 상황 대응을 위한 긴급 요청,2025-09-03,2025-09-06
REQ000309,shelter_0025,item_00150,318,urgent,2025-09-03,2025-09-17,partially_fulfilled,기존 재고 소진으로 인한 보충 필요,2025-09-03,2025-09-08
REQ000310,shelter_0073,item_00198,173,medium,2025-07-26,2025-08-17,active,계절 변화에 따른 필수품 요청,2025-07-26,2025-07-27
REQ000311,shelter_0070,item_00054,217,urgent,2025-08-21,2025-08-23,partially_fulfilled,재난으로 인한 긴급 구호품 부족,2025-08-21,2025-08-23
REQ000312,shelter_0021,item_00162,302,high,2025-07-16,2025-07-29,active,대피소 수용 인원 증가로 인한 추가 필요,2025-07-16,2025-07-21
REQ000313,shelter_0027,item_00002,443,urgent,2025-07-16,2025-07-28,partially_fulfilled,재난으로 인한 긴급 구호품 부족,2025-07-16,2025-07-21
REQ000314,shelter_0099,item_00185,298,medium,2025-06-10,2025-06-22,expired,재난으로 인한 긴급 구호품 부족,2025-06-10,2025-06-13
REQ000315,shelter_0026,item_00055,437,urgent,2025-07-28,2025-08-04,partially_fulfilled,기존 재고 소진으로 인한 보충 필요,2025-07-28,2025-07-29
REQ000316,shelter_0050,item_00028,420,low,2025-08-06,2025-08-09,fulfilled,재난으로 인한 긴급 구호품 부족,2025-08-06,2025-08-06
REQ000317,shelter_0047,item_00127,296,high,2025-08-03,2025-08-20,active,기존 재고 소진으로 인한 보충 필요,2025-08-03,2025-08-07
REQ000318,shelter_0071,item_00137,310,low,2025-08-20,2025-08-29,expired,계절 변화에 따른 필수품 요청,2025-08-20,2025-08-20
REQ000319,shelter_0081,item_00053,163,urgent,2025-07-27,2025-08-26,active,대피소 수용 인원 증가로 인한 추가 필요,2025-07-27,2025-07-30
REQ000320,shelter_0095,item_00115,98,urgent,2025-09-06,2025-09-07,fulfilled,재난으로 인한 긴급 구호품 부족,2025-09-06,2025-09-10
REQ000321,shelter_0029,item_00039,359,low,2025-06-24,2025-06-28,partially_fulfilled,대피소 수용 인원 증가로 인한 추가 필요,2025-06-24,2025-06-25
REQ000322,shelter_0042,item_00138,205,medium,2025-08-27,2025-09-10,partially_fulfilled,계절 변화에 따른 필수품 요청,2025-08-27,2025-08-31
REQ000323,shelter_0097,item_00200,116,high,2025-07-02,2025-07-15,expired,대피소 수용 인원 증가로 인한 추가 필요,2025-07-02,2025-07-06
REQ000324,shelter_0080,item_00199,356,low,2025-06-19,2025-07-04,fulfilled,특수 상황 대응을 위한 긴급 요청,2025-06-19,2025-06-20
REQ000325,shelter_0091,item_00033,493,medium,2025-07-23,2025-08-09,active,재난으로 인한 긴급 구호품 부족,2025-07-23,2025-07-23
REQ000326,shelter_0094,item_00103,410,high,2025-06-10,2025-06-19,active,특수 상황 대응을 위한 긴급 요청,2025-06-10,2025-06-15
REQ000327,shelter_0004,item_00063,320,urgent,2025-07-10,2025-07-27,active,재난으로 인한 긴급 구호품 부족,2025-07-10,2025-07-13
REQ000328,shelter_0019,item_00058,233,low,2025-07-18,2025-07-29,expired,기존 재고 소진으로 인한 보충 필요,2025-07-18,2025-07-20
REQ000329,shelter_0016,item_00026,90,low,2025-06-26,2025-07-17,fulfilled,계절 변화에 따른 필수품 요청,2025-06-26,2025-06-27
REQ000330,shelter_0076,item_00157,485,urgent,2025-06-17,2025-07-04,expired,재난으로 인한 긴급 구호품 부족,2025-06-17,2025-06-18
REQ000331,shelter_0022,item_00155,207,medium,2025-07-16,2025-07-28,expired,특수 상황 대응을 위한 긴급 요청,2025-07-16,2025-07-19
REQ000332,shelter_0050,item_00137,488,medium,2025-07-22,2025-08-03,fulfilled,대피소 수용 인원 증가로 인한 추가 필요,2025-07-22,2025-07-26
REQ000333,shelter_0016,item_00038,458,urgent,2025-07-10,2025-08-05,expired,재난으로 인한 긴급 구호품 부족,2025-07-10,2025-07-12
REQ000334,shelter_0019,item_00151,130,urgent,2025-07-24,2025-07-25,partially_fulfilled,기존 재고 소진으로 인한 보충 필요,2025-07-24,2025-07-28
REQ000335,shelter_0019,item_00069,149,urgent,2025-08-21,2025-09-20,fulfilled,재난으로 인한 긴급 구호품 부족,2025-08-21,2025-08-23
REQ000336,shelter_0062,item_00192,38,medium,2025-06-28,2025-06-29,active,계절 변화에 따른 필수품 요청,2025-06-28,2025-06-30
REQ000337,shelter_0069,item_00101,240,low,2025-06-08,2025-06-17,partially_fulfilled,계절 변화에 따른 필수품 요청,2025-06-08,2025-06-11
REQ000338,shelter_0056,item_00165,470,medium,2025-08-26,2025-09-24,expired,특수 상황 대응을 위한 긴급 요청,2025-08-26,2025-08-31
REQ000339,shelter_0089,item_00061,68,urgent,2025-07-19,2025-08-02,partially_fulfilled,특수 상황 대응을 위한 긴급 요청,2025-07-19,2025-07-24
REQ000340,shelter_0037,item_00098,43,urgent,2025-06-26,2025-07-17,active,재난으로 인한 긴급 구호품 부족,2025-06-26,2025-06-27
REQ000341,shelter_0061,item_00127,399,medium,2025-08-15,2025-09-10,active,대피소 수용 인원 증가로 인한 추가 필요,2025-08-15,2025-08-19
REQ000342,shelter_0030,item_00154,408,medium,2025-06-17,2025-06-27,expired,대피소 수용 인원 증가로 인한 추가 필요,2025-06-17,2025-06-17
REQ000343,shelter_0088,item_00184,18,high,2025-07-09,2025-07-13,expired,계절 변화에 따른 필수품 요청,2025-07-09,2025-07-10
REQ000344,shelter_0074,item_00102,332,medium,2025-06-10,2025-07-03,active,대피소 수용 인원 증가로 인한 추가 필요,2025-06-10,2025-06-12
REQ000345,shelter_0014,item_00119,317,high,2025-08-30,2025-09-07,active,재난으로 인한 긴급 구호품 부족,2025-08-30,2025-08-31
REQ000346,shelter_0063,item_00007,340,high,2025-06-28,2025-07-10,expired,대피소 수용 인원 증가로 인한 추가 필요,2025-06-28,2025-07-02
REQ000347,shelter_0066,item_00145,76,low,2025-07-20,2025-07-22,fulfilled,특수 상황 대응을 위한 긴급 요청,2025-07-20,2025-07-22
REQ000348,shelter_0026,item_00045,378,urgent,2025-07-28,2025-08-23,fulfilled,기존 재고 소진으로 인한 보충 필요,2025-07-28,2025-07-30
REQ000349,shelter_0016,item_00191,153,medium,2025-06-24,2025-07-14,active,기존 재고 소진으로 인한 보충 필요,2025-06-24,2025-06-28
REQ000350,shelter_0031,item_00035,433,low,2025-06-19,2025-06-22,partially_fulfilled,대피소 수용 인원 증가로 인한 추가 필요,2025-06-19,2025-06-24
REQ000351,shelter_0003,item_00029,274,high,2025-07-16,2025-08-11,active,기존 재고 소진으로 인한 보충 필요,2025-07-16,2025-07-18
REQ000352,shelter_0013,item_00065,450,medium,2025-08-18,2025-08-21,partially_fulfilled,특수 상황 대응을 위한 긴급 요청,2025-08-18,2025-08-20
REQ000353,shelter_0054,item_00125,213,high,2025-08-28,2025-09-26,active,특수 상황 대응을 위한 긴급 요청,2025-08-28,2025-09-01
REQ000354,shelter_0088,item_00181,140,urgent,2025-07-14,2025-07-27,partially_fulfilled,계절 변화에 따른 필수품 요청,2025-07-14,2025-07-18
REQ000355,shelter_0054,item_00036,113,low,2025-08-11,2025-09-02,expired,특수 상황 대응을 위한 긴급 요청,2025-08-11,2025-08-13
REQ000356,shelter_0086,item_00053,398,urgent,2025-08-09,2025-09-04,fulfilled,재난으로 인한 긴급 구호품 부족,2025-08-09,2025-08-10
REQ000357,shelter_0069,item_00004,482,high,2025-06-25,2025-06-28,fulfilled,계절 변화에 따른 필수품 요청,2025-06-25,2025-06-30
REQ000358,shelter_0079,item_00083,169,medium,2025-08-21,2025-08-29,partially_fulfilled,특수 상황 대응을 위한 긴급 요청,2025-08-21,2025-08-26
REQ000359,shelter_0067,item_00143,197,medium,2025-06-20,2025-06-27,partially_fulfilled,계절 변화에 따른 필수품 요청,2025-06-20,2025-06-20
REQ000360,shelter_0037,item_00041,68,urgent,2025-07-29,2025-08-04,partially_fulfilled,특수 상황 대응을 위한 긴급 요청,2025-07-29,2025-07-31
REQ000361,shelter_0093,item_00038,420,medium,2025-07-26,2025-08-21,active,기존 재고 소진으로 인한 보충 필요,2025-07-26,2025-07-28
REQ000362,shelter_0060,item_00126,367,urgent,2025-07-17,2025-07-26,expired,특수 상황 대응을 위한 긴급 요청,2025-07-17,2025-07-20
REQ000363,shelter_0005,item_00074,203,medium,2025-08-21,2025-09-18,active,특수 상황 대응을 위한 긴급 요청,2025-08-21,2025-08-22
REQ000364,shelter_0059,item_00066,285,high,2025-09-07,2025-10-04,partially_fulfilled,계절 변화에 따른 필수품 요청,2025-09-07,2025-09-07
REQ000365,shelter_0045,item_00079,191,urgent,2025-07-20,2025-07-29,expired,계절 변화에 따른 필수품 요청,2025-07-20,2025-07-23
REQ000366,shelter_0007,item_00180,400,low,2025-06-28,2025-07-27,expired,대피소 수용 인원 증가로 인한 추가 필요,2025-06-28,2025-06-28
REQ000367,shelter_0059,item_00012,117,high,2025-06-10,2025-06-16,active,대피소 수용 인원 증가로 인한 추가 필요,2025-06-10,2025-06-13
REQ000368,shelter_0023,item_00088,211,medium,2025-08-25,2025-09-04,partially_fulfilled,계절 변화에 따른 필수품 요청,2025-08-25,2025-08-29
REQ000369,shelter_0007,item_00027,113,urgent,2025-08-25,2025-08-30,fulfilled,계절 변화에 따른 필수품 요청,2025-08-25,2025-08-28
REQ000370,shelter_0071,item_00064,451,urgent,2025-06-20,2025-07-11,partially_fulfilled,특수 상황 대응을 위한 긴급 요청,2025-06-20,2025-06-21
REQ000371,shelter_0018,item_00047,384,medium,2025-06-19,2025-07-12,active,대피소 수용 인원 증가로 인한 추가 필요,2025-06-19,2025-06-22
REQ000372,shelter_0079,item_00050,151,medium,2025-07-07,2025-07-21,partially_fulfilled,특수 상황 대응을 위한 긴급 요청,2025-07-07,2025-07-10
REQ000373,shelter_0096,item_00058,253,urgent,2025-08-24,2025-08-28,expired,대피소 수용 인원 증가로 인한 추가 필요,2025-08-24,2025-08-27
REQ000374,shelter_0016,item_00168,313,low,2025-08-09,2025-08-29,active,계절 변화에 따른 필수품 요청,2025-08-09,2025-08-14
REQ000375,shelter_0003,item_00088,34,urgent,2025-06-11,2025-06-28,partially_fulfilled,특수 상황 대응을 위한 긴급 요청,2025-06-11,2025-06-14
REQ000376,shelter_0034,item_00006,474,urgent,2025-08-20,2025-09-12,expired,기존 재고 소진으로 인한 보충 필요,2025-08-20,2025-08-20
REQ000377,shelter_0047,item_00056,68,low,2025-08-17,2025-09-13,partially_fulfilled,기존 재고 소진으로 인한 보충 필요,2025-08-17,2025-08-22
REQ000378,shelter_0019,item_00166,39,low,2025-08-26,2025-09-25,active,특수 상황 대응을 위한 긴급 요청,2025-08-26,2025-08-30
REQ000379,shelter_0031,item_00122,39,medium,2025-08-08,2025-08-14,partially_fulfilled,대피소 수용 인원 증가로 인한 추가 필요,2025-08-08,2025-08-13
REQ000380,shelter_0074,item_00159,253,low,2025-08-19,2025-09-16,fulfilled,기존 재고 소진으로 인한 보충 필요,2025-08-19,2025-08-21
REQ000381,shelter_0007,item_00029,140,medium,2025-06-17,2025-06-19,fulfilled,재난으로 인한 긴급 구호품 부족,2025-06-17,2025-06-19
REQ000382,shelter_0023,item_00076,274,urgent,2025-06-08,2025-07-01,expired,특수 상황 대응을 위한 긴급 요청,2025-06-08,2025-06-11
REQ000383,shelter_0088,item_00077,448,medium,2025-06-22,2025-06-25,fulfilled,특수 상황 대응을 위한 긴급 요청,2025-06-22,2025-06-27
REQ000384,shelter_0043,item_00116,296,low,2025-08-02,2025-08-03,fulfilled,재난으로 인한 긴급 구호품 부족,2025-08-02,2025-08-05
REQ000385,shelter_0093,item_00073,418,urgent,2025-08-09,2025-08-19,active,특수 상황 대응을 위한 긴급 요청,2025-08-09,2025-08-09
REQ000386,shelter_0020,item_00012,259,high,2025-06-14,2025-07-09,partially_fulfilled,계절 변화에 따른 필수품 요청,2025-06-14,2025-06-19
REQ000387,shelter_0029,item_00083,327,urgent,2025-07-07,2025-07-29,expired,계절 변화에 따른 필수품 요청,2025-07-07,2025-07-12
REQ000388,shelter_0089,item_00165,389,urgent,2025-08-17,2025-09-10,active,대피소 수용 인원 증가로 인한 추가 필요,2025-08-17,2025-08-18
REQ000389,shelter_0030,item_00158,448,low,2025-08-25,2025-09-03,active,계절 변화에 따른 필수품 요청,2025-08-25,2025-08-28
REQ000390,shelter_0082,item_00079,260,high,2025-07-22,2025-08-01,fulfilled,대피소 수용 인원 증가로 인한 추가 필요,2025-07-22,2025-07-25
REQ000391,shelter_0017,item_00103,433,high,2025-06-23,2025-07-20,partially_fulfilled,특수 상황 대응을 위한 긴급 요청,2025-06-23,2025-06-25
REQ000392,shelter_0068,item_00037,144,urgent,2025-08-19,2025-09-15,expired,특수 상황 대응을 위한 긴급 요청,2025-08-19,2025-08-24
REQ000393,shelter_0084,item_00002,198,high,2025-07-14,2025-07-15,active,기존 재고 소진으로 인한 보충 필요,2025-07-14,2025-07-17
REQ000394,shelter_0011,item_00080,26,low,2025-06-21,2025-07-06,fulfilled,특수 상황 대응을 위한 긴급 요청,2025-06-21,2025-06-24
REQ000395,shelter_0019,item_00128,33,high,2025-07-08,2025-07-12,expired,기존 재고 소진으로 인한 보충 필요,2025-07-08,2025-07-12
REQ000396,shelter_0044,item_00051,496,urgent,2025-07-31,2025-08-03,fulfilled,재난으로 인한 긴급 구호품 부족,2025-07-31,2025-08-03
REQ000397,shelter_0012,item_00029,289,low,2025-07-27,2025-08-26,active,대피소 수용 인원 증가로 인한 추가 필요,2025-07-27,2025-08-01
REQ000398,shelter_0051,item_00032,385,urgent,2025-09-03,2025-09-26,fulfilled,특수 상황 대응을 위한 긴급 요청,2025-09-03,2025-09-03
REQ000399,shelter_0078,item_00075,50,high,2025-07-15,2025-07-20,active,재난으로 인한 긴급 구호품 부족,2025-07-15,2025-07-15
REQ000400,shelter_0085,item_00052,394,medium,2025-06-19,2025-06-25,active,계절 변화에 따른 필수품 요청,2025-06-19,2025-06-20
REQ000401,shelter_0003,item_00192,174,urgent,2025-06-21,2025-06-23,active,대피소 수용 인원 증가로 인한 추가 필요,2025-06-21,2025-06-22
REQ000402,shelter_0001,item_00156,157,high,2025-08-03,2025-08-04,partially_fulfilled,계절 변화에 따른 필수품 요청,2025-08-03,2025-08-08
REQ000403,shelter_0049,item_00003,361,medium,2025-06-20,2025-07-13,fulfilled,기존 재고 소진으로 인한 보충 필요,2025-06-20,2025-06-20
REQ000404,shelter_0040,item_00197,338,high,2025-08-13,2025-09-02,expired,대피소 수용 인원 증가로 인한 추가 필요,2025-08-13,2025-08-18
REQ000405,shelter_0006,item_00067,427,low,2025-08-18,2025-09-17,active,계절 변화에 따른 필수품 요청,2025-08-18,2025-08-21
REQ000406,shelter_0056,item_00032,323,high,2025-06-10,2025-06-29,partially_fulfilled,계절 변화에 따른 필수품 요청,2025-06-10,2025-06-11
REQ000407,shelter_0068,item_00026,157,urgent,2025-08-28,2025-09-18,expired,대피소 수용 인원 증가로 인한 추가 필요,2025-08-28,2025-08-29
REQ000408,shelter_0040,item_00118,210,urgent,2025-08-04,2025-08-13,fulfilled,대피소 수용 인원 증가로 인한 추가 필요,2025-08-04,2025-08-04
REQ000409,shelter_0031,item_00045,108,medium,2025-07-25,2025-08-08,fulfilled,특수 상황 대응을 위한 긴급 요청,2025-07-25,2025-07-28
REQ000410,shelter_0089,item_00036,378,high,2025-06-13,2025-06-19,active,특수 상황 대응을 위한 긴급 요청,2025-06-13,2025-06-13
REQ000411,shelter_0090,item_00182,373,high,2025-07-20,2025-08-07,active,특수 상황 대응을 위한 긴급 요청,2025-07-20,2025-07-24
REQ000412,shelter_0081,item_00177,258,urgent,2025-06-29,2025-07-05,expired,기존 재고 소진으로 인한 보충 필요,2025-06-29,2025-07-01
REQ000413,shelter_0071,item_00067,97,low,2025-06-22,2025-07-07,partially_fulfilled,계절 변화에 따른 필수품 요청,2025-06-22,2025-06-23
REQ000414,shelter_0011,item_00152,443,medium,2025-07-28,2025-08-26,expired,특수 상황 대응을 위한 긴급 요청,2025-07-28,2025-07-29
REQ000415,shelter_0009,item_00196,322,low,2025-08-08,2025-09-06,active,재난으로 인한 긴급 구호품 부족,2025-08-08,2025-08-08
REQ000416,shelter_0093,item_00069,325,low,2025-07-09,2025-07-15,active,재난으로 인한 긴급 구호품 부족,2025-07-09,2025-07-11
REQ000417,shelter_0065,item_00118,359,high,2025-07-08,2025-08-05,fulfilled,기존 재고 소진으로 인한 보충 필요,2025-07-08,2025-07-10
REQ000418,shelter_0076,item_00143,104,high,2025-09-07,2025-09-11,expired,대피소 수용 인원 증가로 인한 추가 필요,2025-09-07,2025-09-10
REQ000419,shelter_0010,item_00095,375,high,2025-07-10,2025-08-02,partially_fulfilled,재난으로 인한 긴급 구호품 부족,2025-07-10,2025-07-10
REQ000420,shelter_0089,item_00150,493,high,2025-08-17,2025-09-01,partially_fulfilled,기존 재고 소진으로 인한 보충 필요,2025-08-17,2025-08-17
REQ000421,shelter_0071,item_00082,353,low,2025-07-04,2025-07-13,active,특수 상황 대응을 위한 긴급 요청,2025-07-04,2025-07-05
REQ000422,shelter_0069,item_00134,101,low,2025-06-09,2025-06-17,fulfilled,대피소 수용 인원 증가로 인한 추가 필요,2025-06-09,2025-06-11
REQ000423,shelter_0076,item_00007,39,high,2025-08-30,2025-09-28,active,계절 변화에 따른 필수품 요청,2025-08-30,2025-09-02
REQ000424,shelter_0012,item_00199,184,low,2025-08-06,2025-08-14,expired,대피소 수용 인원 증가로 인한 추가 필요,2025-08-06,2025-08-10
REQ000425,shelter_0058,item_00087,200,low,2025-08-16,2025-08-21,active,계절 변화에 따른 필수품 요청,2025-08-16,2025-08-21
REQ000426,shelter_0042,item_00113,391,urgent,2025-07-14,2025-08-06,expired,기존 재고 소진으로 인한 보충 필요,2025-07-14,2025-07-14
REQ000427,shelter_0059,item_00101,348,medium,2025-06-15,2025-07-15,expired,대피소 수용 인원 증가로 인한 추가 필요,2025-06-15,2025-06-16
REQ000428,shelter_0052,item_00198,477,urgent,2025-07-25,2025-08-13,active,계절 변화에 따른 필수품 요청,2025-07-25,2025-07-30
REQ000429,shelter_0052,item_00085,273,urgent,2025-08-02,2025-08-03,expired,재난으로 인한 긴급 구호품 부족,2025-08-02,2025-08-07
REQ000430,shelter_0083,item_00083,449,low,2025-07-01,2025-07-20,fulfilled,대피소 수용 인원 증가로 인한 추가 필요,2025-07-01,2025-07-04
REQ000431,shelter_0045,item_00111,471,medium,2025-07-03,2025-07-15,active,계절 변화에 따른 필수품 요청,2025-07-03,2025-07-05
REQ000432,shelter_0074,item_00188,327,high,2025-07-09,2025-08-01,partially_fulfilled,재난으로 인한 긴급 구호품 부족,2025-07-09,2025-07-13
REQ000433,shelter_0019,item_00054,205,medium,2025-07-14,2025-07-24,expired,대피소 수용 인원 증가로 인한 추가 필요,2025-07-14,2025-07-19
REQ000434,shelter_0079,item_00026,380,high,2025-08-18,2025-08-28,expired,재난으로 인한 긴급 구호품 부족,2025-08-18,2025-08-20
REQ000435,shelter_0053,item_00061,497,high,2025-07-16,2025-08-04,active,특수 상황 대응을 위한 긴급 요청,2025-07-16,2025-07-18
REQ000436,shelter_0083,item_00131,468,high,2025-09-04,2025-09-18,expired,기존 재고 소진으로 인한 보충 필요,2025-09-04,2025-09-07
REQ000437,shelter_0084,item_00049,253,high,2025-08-18,2025-09-13,partially_fulfilled,재난으로 인한 긴급 구호품 부족,2025-08-18,2025-08-22
REQ000438,shelter_0079,item_00008,136,urgent,2025-08-17,2025-08-21,fulfilled,재난으로 인한 긴급 구호품 부족,2025-08-17,2025-08-19
REQ000439,shelter_0030,item_00016,194,high,2025-07-15,2025-07-31,active,계절 변화에 따른 필수품 요청,2025-07-15,2025-07-16
REQ000440,shelter_0075,item_00088,287,high,2025-08-30,2025-08-31,expired,대피소 수용 인원 증가로 인한 추가 필요,2025-08-30,2025-08-31
REQ000441,shelter_0075,item_00108,258,medium,2025-07-16,2025-07-25,fulfilled,계절 변화에 따른 필수품 요청,2025-07-16,2025-07-20
REQ000442,shelter_0061,item_00025,40,low,2025-08-17,2025-08-30,expired,기존 재고 소진으로 인한 보충 필요,2025-08-17,2025-08-21
REQ000443,shelter_0036,item_00188,96,high,2025-09-05,2025-09-16,expired,재난으로 인한 긴급 구호품 부족,2025-09-05,2025-09-09
REQ000444,shelter_0030,item_00130,389,medium,2025-06-21,2025-07-06,fulfilled,재난으로 인한 긴급 구호품 부족,2025-06-21,2025-06-26
REQ000445,shelter_0076,item_00182,470,medium,2025-07-31,2025-08-19,partially_fulfilled,대피소 수용 인원 증가로 인한 추가 필요,2025-07-31,2025-08-05
REQ000446,shelter_0070,item_00154,446,high,2025-06-09,2025-07-03,partially_fulfilled,기존 재고 소진으로 인한 보충 필요,2025-06-09,2025-06-10
REQ000447,shelter_0007,item_00081,186,low,2025-08-26,2025-09-17,fulfilled,기존 재고 소진으로 인한 보충 필요,2025-08-26,2025-08-31
REQ000448,shelter_0028,item_00100,217,high,2025-06-15,2025-06-29,expired,기존 재고 소진으로 인한 보충 필요,2025-06-15,2025-06-18
REQ000449,shelter_0011,item_00089,228,medium,2025-06-17,2025-06-20,expired,기존 재고 소진으로 인한 보충 필요,2025-06-17,2025-06-22
REQ000450,shelter_0021,item_00126,482,high,2025-07-19,2025-07-27,active,특수 상황 대응을 위한 긴급 요청,2025-07-19,2025-07-21
REQ000451,shelter_0032,item_00195,24,high,2025-08-12,2025-08-15,expired,계절 변화에 따른 필수품 요청,2025-08-12,2025-08-17
REQ000452,shelter_0026,item_00170,448,urgent,2025-07-22,2025-07-28,active,기존 재고 소진으로 인한 보충 필요,2025-07-22,2025-07-22
REQ000453,shelter_0014,item_00058,358,low,2025-08-24,2025-09-20,expired,기존 재고 소진으로 인한 보충 필요,2025-08-24,2025-08-26
REQ000454,shelter_0059,item_00038,381,urgent,2025-06-08,2025-06-28,fulfilled,재난으로 인한 긴급 구호품 부족,2025-06-08,2025-06-11
REQ000455,shelter_0052,item_00196,159,high,2025-06-29,2025-07-19,active,재난으로 인한 긴급 구호품 부족,2025-06-29,2025-06-30
REQ000456,shelter_0053,item_00188,155,urgent,2025-06-22,2025-06-26,partially_fulfilled,대피소 수용 인원 증가로 인한 추가 필요,2025-06-22,2025-06-25
REQ000457,shelter_0066,item_00184,36,medium,2025-07-12,2025-07-18,expired,기존 재고 소진으로 인한 보충 필요,2025-07-12,2025-07-12
REQ000458,shelter_0001,item_00144,432,medium,2025-06-22,2025-07-21,fulfilled,특수 상황 대응을 위한 긴급 요청,2025-06-22,2025-06-27
REQ000459,shelter_0081,item_00134,325,low,2025-07-27,2025-08-20,partially_fulfilled,대피소 수용 인원 증가로 인한 추가 필요,2025-07-27,2025-07-28
REQ000460,shelter_0065,item_00035,364,urgent,2025-08-28,2025-09-27,fulfilled,대피소 수용 인원 증가로 인한 추가 필요,2025-08-28,2025-08-30
REQ000461,shelter_0046,item_00103,26,medium,2025-07-21,2025-08-14,active,특수 상황 대응을 위한 긴급 요청,2025-07-21,2025-07-22
REQ000462,shelter_0060,item_00136,63,urgent,2025-06-27,2025-07-18,active,특수 상황 대응을 위한 긴급 요청,2025-06-27,2025-07-02
REQ000463,shelter_0082,item_00006,403,medium,2025-08-23,2025-09-01,fulfilled,특수 상황 대응을 위한 긴급 요청,2025-08-23,2025-08-24
REQ000464,shelter_0032,item_00085,222,high,2025-09-07,2025-09-19,expired,기존 재고 소진으로 인한 보충 필요,2025-09-07,2025-09-10
REQ000465,shelter_0003,item_00025,139,urgent,2025-08-23,2025-09-19,active,재난으로 인한 긴급 구호품 부족,2025-08-23,2025-08-24
REQ000466,shelter_0085,item_00070,346,high,2025-07-03,2025-07-20,partially_fulfilled,재난으로 인한 긴급 구호품 부족,2025-07-03,2025-07-08
REQ000467,shelter_0058,item_00092,208,urgent,2025-08-27,2025-09-23,expired,대피소 수용 인원 증가로 인한 추가 필요,2025-08-27,2025-08-29
REQ000468,shelter_0060,item_00156,243,medium,2025-06-27,2025-07-18,partially_fulfilled,특수 상황 대응을 위한 긴급 요청,2025-06-27,2025-06-27
REQ000469,shelter_0024,item_00108,478,medium,2025-07-18,2025-07-27,partially_fulfilled,계절 변화에 따른 필수품 요청,2025-07-18,2025-07-21
REQ000470,shelter_0055,item_00044,403,medium,2025-07-16,2025-08-14,active,계절 변화에 따른 필수품 요청,2025-07-16,2025-07-17
REQ000471,shelter_0085,item_00063,493,urgent,2025-08-14,2025-08-25,expired,대피소 수용 인원 증가로 인한 추가 필요,2025-08-14,2025-08-17
REQ000472,shelter_0036,item_00009,176,low,2025-06-26,2025-07-22,partially_fulfilled,재난으로 인한 긴급 구호품 부족,2025-06-26,2025-06-30
REQ000473,shelter_0047,item_00188,415,high,2025-07-07,2025-07-11,partially_fulfilled,재난으로 인한 긴급 구호품 부족,2025-07-07,2025-07-10
REQ000474,shelter_0093,item_00126,213,urgent,2025-08-13,2025-08-15,expired,대피소 수용 인원 증가로 인한 추가 필요,2025-08-13,2025-08-16
REQ000475,shelter_0013,item_00102,196,medium,2025-08-12,2025-08-21,partially_fulfilled,재난으로 인한 긴급 구호품 부족,2025-08-12,2025-08-15
REQ000476,shelter_0054,item_00143,399,urgent,2025-07-18,2025-08-11,active,대피소 수용 인원 증가로 인한 추가 필요,2025-07-18,2025-07-20
REQ000477,shelter_0038,item_00071,332,high,2025-08-27,2025-08-28,fulfilled,특수 상황 대응을 위한 긴급 요청,2025-08-27,2025-08-30
REQ000478,shelter_0035,item_00135,275,high,2025-06-17,2025-06-20,active,기존 재고 소진으로 인한 보충 필요,2025-06-17,2025-06-19
REQ000479,shelter_0009,item_00188,226,medium,2025-07-07,2025-07-23,fulfilled,대피소 수용 인원 증가로 인한 추가 필요,2025-07-07,2025-07-07
REQ000480,shelter_0066,item_00198,144,low,2025-08-07,2025-08-12,partially_fulfilled,대피소 수용 인원 증가로 인한 추가 필요,2025-08-07,2025-08-09
REQ000481,shelter_0033,item_00185,290,medium,2025-06-15,2025-07-09,fulfilled,대피소 수용 인원 증가로 인한 추가 필요,2025-06-15,2025-06-19
REQ000482,shelter_0097,item_00154,485,high,2025-06-19,2025-07-19,partially_fulfilled,특수 상황 대응을 위한 긴급 요청,2025-06-19,2025-06-19
REQ000483,shelter_0082,item_00178,190,high,2025-06-13,2025-06-15,expired,계절 변화에 따른 필수품 요청,2025-06-13,2025-06-13
REQ000484,shelter_0062,item_00018,469,low,2025-08-30,2025-09-24,fulfilled,재난으로 인한 긴급 구호품 부족,2025-08-30,2025-09-04
REQ000485,shelter_0009,item_00078,194,low,2025-08-03,2025-08-19,expired,대피소 수용 인원 증가로 인한 추가 필요,2025-08-03,2025-08-05
REQ000486,shelter_0013,item_00010,214,medium,2025-08-15,2025-08-19,fulfilled,재난으로 인한 긴급 구호품 부족,2025-08-15,2025-08-17
REQ000487,shelter_0095,item_00068,418,medium,2025-08-15,2025-09-12,active,특수 상황 대응을 위한 긴급 요청,2025-08-15,2025-08-18
REQ000488,shelter_0018,item_00129,467,low,2025-07-10,2025-07-24,expired,계절 변화에 따른 필수품 요청,2025-07-10,2025-07-10
REQ000489,shelter_0057,item_00064,302,urgent,2025-06-27,2025-07-14,active,재난으로 인한 긴급 구호품 부족,2025-06-27,2025-06-29
REQ000490,shelter_0023,item_00116,349,low,2025-09-01,2025-09-21,active,특수 상황 대응을 위한 긴급 요청,2025-09-01,2025-09-05
REQ000491,shelter_0063,item_00119,462,medium,2025-08-23,2025-09-11,expired,대피소 수용 인원 증가로 인한 추가 필요,2025-08-23,2025-08-26
REQ000492,shelter_0033,item_00107,453,low,2025-08-08,2025-08-16,fulfilled,계절 변화에 따른 필수품 요청,2025-08-08,2025-08-10
REQ000493,shelter_0009,item_00149,173,high,2025-06-20,2025-07-07,partially_fulfilled,특수 상황 대응을 위한 긴급 요청,2025-06-20,2025-06-21
REQ000494,shelter_0042,item_00030,276,medium,2025-07-22,2025-08-11,fulfilled,기존 재고 소진으로 인한 보충 필요,2025-07-22,2025-07-26
REQ000495,shelter_0085,item_00172,301,high,2025-07-30,2025-08-25,expired,계절 변화에 따른 필수품 요청,2025-07-30,2025-07-31
REQ000496,shelter_0039,item_00163,185,medium,2025-09-06,2025-09-12,partially_fulfilled,재난으로 인한 긴급 구호품 부족,2025-09-06,2025-09-06
REQ000497,shelter_0056,item_00155,194,medium,2025-07-28,2025-08-22,fulfilled,계절 변화에 따른 필수품 요청,2025-07-28,2025-08-02
REQ000498,shelter_0044,item_00168,499,urgent,2025-08-13,2025-09-08,partially_fulfilled,계절 변화에 따른 필수품 요청,2025-08-13,2025-08-16
REQ000499,shelter_0055,item_00007,129,low,2025-06-11,2025-06-18,expired,대피소 수용 인원 증가로 인한 추가 필요,2025-06-11,2025-06-11
REQ000500,shelter_0100,item_00108,10,high,2025-07-07,2025-07-12,active,계절 변화에 따른 필수품 요청,2025-07-07,2025-07-09
